{"stats":{"minecraft:killed_by":{"minecraft:player":1,"minecraft:enderman":1,"minecraft:phantom":1},"minecraft:picked_up":{"minecraft:spruce_leaves":485,"minecraft:wheat":651,"minecraft:azure_bluet":1,"minecraft:nether_wart":11,"minecraft:diamond_sword":4,"minecraft:enchanted_book":7,"minecraft:dragon_head":2,"minecraft:golden_sword":1,"minecraft:shield":1,"minecraft:item_frame":1,"minecraft:cornflower":9,"minecraft:netherite_ingot":1,"minecraft:string":2944,"minecraft:elytra":2,"minecraft:flint_and_steel":1,"minecraft:white_carpet":1,"minecraft:iron_leggings":5,"minecraft:compass":2,"minecraft:blackstone":86,"minecraft:diamond_leggings":2,"minecraft:gold_nugget":83,"minecraft:spruce_planks":377,"minecraft:beef":54,"minecraft:netherite_upgrade_smithing_template":2,"minecraft:poppy":5,"minecraft:iron_pickaxe":1,"minecraft:sugar_cane":262,"minecraft:phantom_membrane":10,"minecraft:egg":16,"minecraft:tipped_arrow":8,"minecraft:stick":737,"minecraft:sandstone":61,"minecraft:stone":14,"minecraft:torch":5,"minecraft:spruce_stairs":4,"minecraft:spruce_fence":2,"minecraft:porkchop":22,"minecraft:carrot":360,"minecraft:cauldron":1,"minecraft:tnt":74,"minecraft:diamond_chestplate":2,"minecraft:arrow":211,"minecraft:cactus":8,"minecraft:rotten_flesh":243,"minecraft:tropical_fish":2,"minecraft:diamond_boots":2,"minecraft:saddle":2,"minecraft:iron_bars":15,"minecraft:rail":32,"minecraft:cobblestone":7,"minecraft:oxeye_daisy":1,"minecraft:magma_block":5,"minecraft:cooked_beef":150,"minecraft:golden_carrot":25,"minecraft:jungle_log":158,"minecraft:salmon":28,"minecraft:leather":54,"minecraft:carrot_on_a_stick":1,"minecraft:ancient_debris":8,"minecraft:gunpowder":5,"minecraft:dirt":429,"minecraft:glass":4,"minecraft:bone":19,"minecraft:stone_bricks":128,"minecraft:bow":3,"minecraft:wheat_seeds":1723,"minecraft:rabbit_hide":1,"minecraft:diamond_helmet":2,"minecraft:glass_bottle":2,"minecraft:iron_sword":1,"minecraft:book":23,"minecraft:scaffolding":8,"minecraft:sand":3663,"minecraft:stripped_spruce_log":5,"minecraft:spruce_sapling":65,"minecraft:spruce_log":1230,"minecraft:cyan_bed":2,"minecraft:firework_rocket":128,"minecraft:diamond_shovel":1,"minecraft:diamond_axe":6,"minecraft:painting":35,"minecraft:spruce_sign":1,"minecraft:bread":56,"minecraft:emerald":139,"minecraft:netherrack":641,"minecraft:ender_pearl":836,"minecraft:diamond_pickaxe":2},"minecraft:custom":{"minecraft:interact_with_smithing_table":7,"minecraft:mob_kills":4280,"minecraft:interact_with_anvil":45,"minecraft:animals_bred":339,"minecraft:inspect_hopper":10,"minecraft:interact_with_crafting_table":49,"minecraft:open_shulker_box":32,"minecraft:bell_ring":42,"minecraft:leave_game":11,"minecraft:time_since_death":247536,"minecraft:climb_one_cm":20694,"minecraft:sprint_one_cm":1049751,"minecraft:walk_one_cm":1957165,"minecraft:damage_blocked_by_shield":680,"minecraft:drop":329,"minecraft:talked_to_villager":257,"minecraft:play_time":639638,"minecraft:deaths":4,"minecraft:sneak_time":11077,"minecraft:walk_under_water_one_cm":26436,"minecraft:jump":9726,"minecraft:interact_with_brewingstand":3,"minecraft:interact_with_blast_furnace":1,"minecraft:walk_on_water_one_cm":43812,"minecraft:total_world_time":639638,"minecraft:interact_with_furnace":123,"minecraft:traded_with_villager":484,"minecraft:interact_with_loom":8,"minecraft:interact_with_grindstone":5,"minecraft:interact_with_stonecutter":1,"minecraft:sleep_in_bed":12,"minecraft:time_since_rest":59613,"minecraft:open_enderchest":39,"minecraft:damage_taken":8319,"minecraft:damage_dealt":18031,"minecraft:swim_one_cm":65463,"minecraft:fly_one_cm":2058690,"minecraft:player_kills":2,"minecraft:open_chest":659,"minecraft:pig_one_cm":12541,"minecraft:crouch_one_cm":34999,"minecraft:aviate_one_cm":4281942,"minecraft:interact_with_smoker":18,"minecraft:fall_one_cm":233624,"minecraft:horse_one_cm":16557},"minecraft:mined":{"minecraft:dragon_wall_head":1,"minecraft:nether_gold_ore":14,"minecraft:spruce_planks":10,"minecraft:jungle_leaves":4,"minecraft:spruce_fence":3,"minecraft:grass_block":158,"minecraft:jungle_log":66,"minecraft:spruce_leaves":262,"minecraft:oxeye_daisy":1,"minecraft:nether_wart":6,"minecraft:sandstone":136,"minecraft:tall_seagrass":1,"minecraft:magma_block":5,"minecraft:spruce_sapling":5,"minecraft:carrots":108,"minecraft:fire":4,"minecraft:stripped_spruce_log":4,"minecraft:dragon_head":2,"minecraft:azure_bluet":1,"minecraft:lantern":1,"minecraft:vine":8,"minecraft:stone":14,"minecraft:tripwire":6,"minecraft:podzol":38,"minecraft:blackstone":24,"minecraft:smooth_sandstone":6,"minecraft:cornflower":9,"minecraft:poppy":2,"minecraft:chest":1,"minecraft:dead_bush":3,"minecraft:spruce_wall_sign":1,"minecraft:glass":4,"minecraft:nether_quartz_ore":7,"minecraft:tall_grass":8,"minecraft:sugar_cane":151,"minecraft:cyan_bed":2,"minecraft:damaged_anvil":1,"minecraft:wall_torch":1,"minecraft:cauldron":1,"minecraft:seagrass":1,"minecraft:spruce_stairs":2,"minecraft:wheat":1039,"minecraft:spruce_log":989,"minecraft:white_carpet":1,"minecraft:tnt":8,"minecraft:grass":11,"minecraft:sand":3566,"minecraft:dirt":88,"minecraft:ancient_debris":10,"minecraft:netherrack":1254,"minecraft:oak_leaves":1,"minecraft:fern":3},"minecraft:used":{"minecraft:netherite_sword":216,"minecraft:iron_bars":15,"minecraft:flint_and_steel":28,"minecraft:tropical_fish":2,"minecraft:carrot_on_a_stick":4,"minecraft:chest":5,"minecraft:spruce_planks":10,"minecraft:shield":6,"minecraft:stone":9,"minecraft:nether_wart":6,"minecraft:bell":1,"minecraft:spruce_leaves":4,"minecraft:netherrack":36,"minecraft:torch":2,"minecraft:dirt":21,"minecraft:white_carpet":68,"minecraft:spruce_stairs":17,"minecraft:carrot":144,"minecraft:stripped_spruce_log":2,"minecraft:glass":4,"minecraft:item_frame":1,"minecraft:diamond_chestplate":1,"minecraft:golden_carrot":50,"minecraft:bow":133,"minecraft:minecart":1,"minecraft:egg":14,"minecraft:cooked_beef":45,"minecraft:dragon_head":3,"minecraft:iron_leggings":2,"minecraft:wheat_seeds":609,"minecraft:ender_pearl":3,"minecraft:sandstone":2,"minecraft:spruce_sign":2,"minecraft:cauldron":1,"minecraft:sugar_cane":11,"minecraft:diamond_axe":1304,"minecraft:salmon":1,"minecraft:tnt":72,"minecraft:white_bed":2,"minecraft:painting":34,"minecraft:shears":184,"minecraft:spruce_log":1,"minecraft:diamond_pickaxe":1480,"minecraft:firework_rocket":184,"minecraft:diamond_shovel":3813,"minecraft:bread":23,"minecraft:cyan_bed":2,"minecraft:string":60,"minecraft:spruce_sapling":61,"minecraft:diamond_sword":775,"minecraft:potion":1,"minecraft:white_banner":4,"minecraft:bone_meal":539},"minecraft:dropped":{"minecraft:bread":7,"minecraft:porkchop":8,"minecraft:wheat_seeds":423,"minecraft:diamond_axe":1,"minecraft:cooked_beef":40,"minecraft:glass_bottle":2,"minecraft:ender_pearl":301,"minecraft:cobblestone":5,"minecraft:leather":27,"minecraft:spruce_stairs":1,"minecraft:elytra":1,"minecraft:rail":272,"minecraft:stick":15,"minecraft:spruce_leaves":128,"minecraft:oxeye_daisy":1,"minecraft:dirt":212,"minecraft:blue_dye":1,"minecraft:torch":1,"minecraft:potion":1,"minecraft:iron_leggings":2,"minecraft:phantom_membrane":10,"minecraft:sand":5,"minecraft:sugar":1,"minecraft:cactus":8,"minecraft:string":838,"minecraft:bone":3,"minecraft:blackstone":43,"minecraft:sugar_cane":2,"minecraft:netherite_sword":1,"minecraft:wheat":1,"minecraft:rotten_flesh":225,"minecraft:diamond_shovel":1,"minecraft:shears":1,"minecraft:salmon":1,"minecraft:spruce_fence":4,"minecraft:diamond_sword":1,"minecraft:poppy":3,"minecraft:rabbit_hide":1,"minecraft:stone":14,"minecraft:gunpowder":7,"minecraft:spruce_planks":65,"minecraft:golden_sword":1,"minecraft:painting":1,"minecraft:spider_eye":2,"minecraft:light_gray_dye":1,"minecraft:spruce_log":4,"minecraft:sandstone":59,"minecraft:arrow":7,"minecraft:bow":1,"minecraft:beef":2,"minecraft:magma_block":5,"minecraft:scaffolding":35,"minecraft:netherrack":130,"minecraft:firework_rocket":1},"minecraft:crafted":{"minecraft:golden_carrot":38,"minecraft:smooth_stone":1,"minecraft:fishing_rod":1,"minecraft:stone":232,"minecraft:bone_meal":621,"minecraft:spruce_fence":36,"minecraft:white_carpet":195,"minecraft:netherite_chestplate":1,"minecraft:hopper":3,"minecraft:spruce_stairs":16,"minecraft:bow":10,"minecraft:diamond_helmet":1,"minecraft:diamond_leggings":1,"minecraft:tipped_arrow":60,"minecraft:chest":14,"minecraft:diamond_boots":1,"minecraft:rail":256,"minecraft:netherite_scrap":8,"minecraft:minecart":1,"minecraft:cooked_beef":82,"minecraft:red_dye":2,"minecraft:arrow":128,"minecraft:emerald":590,"minecraft:diamond_axe":1,"minecraft:spruce_planks":4512,"minecraft:enchanted_book":27,"minecraft:bread":42,"minecraft:air":0,"minecraft:jungle_planks":448,"minecraft:blue_dye":10,"minecraft:paper":267,"minecraft:white_wool":127,"minecraft:diamond_pickaxe":1,"minecraft:gold_nugget":216,"minecraft:shield":1,"minecraft:stick":9912,"minecraft:iron_ingot":64,"minecraft:iron_leggings":1,"minecraft:light_gray_dye":2,"minecraft:white_bed":2,"minecraft:netherite_ingot":2,"minecraft:shears":3,"minecraft:firework_rocket":609,"minecraft:carrot_on_a_stick":1,"minecraft:diamond_chestplate":1},"minecraft:killed":{"minecraft:spider":3,"minecraft:endermite":1,"minecraft:phantom":2,"minecraft:skeleton":10,"minecraft:tropical_fish":2,"minecraft:husk":2,"minecraft:salmon":18,"minecraft:rabbit":1,"minecraft:hoglin":4,"minecraft:creeper":2,"minecraft:sheep":1,"minecraft:zombie":13,"minecraft:enderman":4111}},"DataVersion":3465}