{"stats":{"minecraft:used":{"minecraft:elytra":28,"minecraft:chest":3,"minecraft:stone":4,"minecraft:iron_sword":14,"minecraft:netherrack":1,"minecraft:torch":1,"minecraft:dirt":64,"minecraft:mutton":1,"minecraft:hopper":30,"minecraft:shulker_box":3,"minecraft:glass":442,"minecraft:wooden_axe":49,"minecraft:lantern":2,"minecraft:grass_block":9,"minecraft:iron_axe":70,"minecraft:stone_bricks":239,"minecraft:diamond_chestplate":27,"minecraft:tripwire_hook":4,"minecraft:golden_carrot":23,"minecraft:scaffolding":27,"minecraft:lime_stained_glass":135,"minecraft:green_stained_glass_pane":63,"minecraft:observer":9,"minecraft:water_bucket":29,"minecraft:birch_planks":1,"minecraft:glass_bottle":3,"minecraft:cactus":13,"minecraft:ender_pearl":4,"minecraft:diamond_axe":466,"minecraft:sugar_cane":63,"minecraft:crafting_table":1,"minecraft:spruce_log":2,"minecraft:piston":25,"minecraft:diamond_pickaxe":109,"minecraft:firework_rocket":99,"minecraft:diamond_shovel":21,"minecraft:bread":17,"minecraft:string":2,"minecraft:iron_pickaxe":30,"minecraft:spruce_trapdoor":4,"minecraft:spruce_sapling":6,"minecraft:gravel":10,"minecraft:diamond_sword":17,"minecraft:cobblestone":4,"minecraft:grindstone":1,"minecraft:green_concrete_powder":11,"minecraft:bucket":30,"minecraft:diamond_leggings":1},"minecraft:broken":{"minecraft:iron_axe":1,"minecraft:wooden_axe":1},"minecraft:killed_by":{"minecraft:player":4},"minecraft:mined":{"minecraft:jungle_leaves":2,"minecraft:shulker_box":3,"minecraft:spruce_trapdoor":4,"minecraft:grass_block":23,"minecraft:jungle_log":1,"minecraft:lime_stained_glass":7,"minecraft:spruce_leaves":2,"minecraft:green_concrete":11,"minecraft:hopper":23,"minecraft:bamboo":1,"minecraft:stone":78,"minecraft:tripwire":2,"minecraft:scaffolding":13,"minecraft:observer":4,"minecraft:crafting_table":1,"minecraft:chest":40,"minecraft:cobblestone":2,"minecraft:glass":11,"minecraft:tall_grass":1,"minecraft:green_stained_glass_pane":21,"minecraft:grindstone":1,"minecraft:sugar_cane":6,"minecraft:cactus":6,"minecraft:nether_wart_block":2,"minecraft:birch_log":6,"minecraft:spruce_log":556,"minecraft:birch_leaves":1,"minecraft:grass":1,"minecraft:oak_log":6,"minecraft:dirt":15,"minecraft:tripwire_hook":2,"minecraft:stone_bricks":8,"minecraft:netherrack":3,"minecraft:piston":1,"minecraft:oak_leaves":1},"minecraft:crafted":{"minecraft:lime_stained_glass":272,"minecraft:redstone":72,"minecraft:stone":724,"minecraft:diamond_shovel":1,"minecraft:glass_pane":160,"minecraft:green_dye":49,"minecraft:scaffolding":12,"minecraft:glass":48,"minecraft:diamond_helmet":1,"minecraft:diamond_leggings":1,"minecraft:green_concrete_powder":80,"minecraft:lime_dye":34,"minecraft:diamond_boots":1,"minecraft:stone_bricks":626,"minecraft:glass_bottle":3,"minecraft:diamond_sword":1,"minecraft:emerald":220,"minecraft:crafting_table":1,"minecraft:spruce_planks":2196,"minecraft:green_stained_glass":24,"minecraft:bucket":1,"minecraft:birch_planks":24,"minecraft:enchanted_book":1,"minecraft:green_stained_glass_pane":160,"minecraft:bread":64,"minecraft:air":0,"minecraft:jungle_planks":4,"minecraft:paper":33,"minecraft:emerald_block":4,"minecraft:white_dye":17,"minecraft:stick":4420,"minecraft:iron_ingot":5,"minecraft:wooden_axe":1,"minecraft:gold_ingot":81,"minecraft:diamond_chestplate":1,"minecraft:firework_rocket":99},"minecraft:killed":{"minecraft:husk":2,"minecraft:creeper":1,"minecraft:sheep":2,"minecraft:zombie":3,"minecraft:villager":1,"minecraft:enderman":1},"minecraft:dropped":{"minecraft:iron_sword":1,"minecraft:porkchop":2,"minecraft:diamond_axe":1,"minecraft:tnt":1,"minecraft:lime_stained_glass":144,"minecraft:cobblestone":60,"minecraft:leather":2,"minecraft:flint":128,"minecraft:spruce_leaves":194,"minecraft:dirt":9,"minecraft:golden_carrot":1,"minecraft:torch":23,"minecraft:potion":3,"minecraft:gold_nugget":1067,"minecraft:string":66,"minecraft:green_stained_glass_pane":99,"minecraft:spruce_sapling":1,"minecraft:gold_ingot":25,"minecraft:redstone":72,"minecraft:gravel":1,"minecraft:sugar_cane":6,"minecraft:rotten_flesh":1522,"minecraft:spruce_fence":32,"minecraft:shulker_box":2,"minecraft:stone":202,"minecraft:diamond_pickaxe":1,"minecraft:golden_sword":547,"minecraft:stone_bricks":592,"minecraft:glass":88,"minecraft:stone_pickaxe":1,"minecraft:scaffolding":37,"minecraft:quartz":55,"minecraft:green_stained_glass":48},"minecraft:picked_up":{"minecraft:wooden_axe":3,"minecraft:spruce_leaves":194,"minecraft:crafting_table":5,"minecraft:green_stained_glass_pane":99,"minecraft:golden_sword":92,"minecraft:string":131,"minecraft:elytra":1,"minecraft:gold_nugget":443,"minecraft:observer":4,"minecraft:sugar_cane":53,"minecraft:chest":21,"minecraft:birch_sapling":2,"minecraft:piston":25,"minecraft:spruce_trapdoor":4,"minecraft:stick":13,"minecraft:stone":254,"minecraft:torch":24,"minecraft:spruce_fence":32,"minecraft:porkchop":2,"minecraft:redstone":4,"minecraft:cactus":58,"minecraft:rotten_flesh":307,"minecraft:gold_ingot":21,"minecraft:mutton":5,"minecraft:lime_stained_glass":5,"minecraft:white_wool":6,"minecraft:cobblestone":120,"minecraft:birch_log":6,"minecraft:tripwire_hook":4,"minecraft:jungle_log":1,"minecraft:leather":2,"minecraft:birch_planks":14,"minecraft:flint":64,"minecraft:oak_log":18,"minecraft:dirt":64,"minecraft:glass":537,"minecraft:stone_bricks":202,"minecraft:stone_pickaxe":1,"minecraft:grindstone":1,"minecraft:bamboo":12,"minecraft:iron_sword":1,"minecraft:scaffolding":63,"minecraft:quartz":55,"minecraft:green_stained_glass":48,"minecraft:spruce_sapling":7,"minecraft:grass_block":9,"minecraft:spruce_log":551,"minecraft:shulker_box":5,"minecraft:green_concrete":11,"minecraft:diamond_axe":2,"minecraft:emerald":22,"minecraft:bread":5,"minecraft:oak_sapling":1,"minecraft:netherrack":1,"minecraft:hopper":16,"minecraft:diamond_pickaxe":1},"minecraft:custom":{"minecraft:mob_kills":341,"minecraft:interact_with_anvil":2,"minecraft:interact_with_crafting_table":33,"minecraft:open_shulker_box":72,"minecraft:leave_game":8,"minecraft:time_since_death":191108,"minecraft:climb_one_cm":8652,"minecraft:sprint_one_cm":466545,"minecraft:walk_one_cm":360497,"minecraft:drop":783,"minecraft:talked_to_villager":62,"minecraft:play_time":215240,"minecraft:deaths":4,"minecraft:sneak_time":8221,"minecraft:walk_under_water_one_cm":9074,"minecraft:jump":3138,"minecraft:walk_on_water_one_cm":18608,"minecraft:enchant_item":8,"minecraft:total_world_time":215240,"minecraft:interact_with_furnace":90,"minecraft:traded_with_villager":191,"minecraft:interact_with_loom":1,"minecraft:interact_with_grindstone":5,"minecraft:sleep_in_bed":3,"minecraft:time_since_rest":81057,"minecraft:open_enderchest":4,"minecraft:damage_taken":3257,"minecraft:damage_dealt":2461,"minecraft:swim_one_cm":26833,"minecraft:fly_one_cm":596804,"minecraft:open_chest":303,"minecraft:crouch_one_cm":38588,"minecraft:aviate_one_cm":2885558,"minecraft:interact_with_smoker":10,"minecraft:fall_one_cm":50025,"minecraft:horse_one_cm":11780}},"DataVersion":3465}