{"stats":{"minecraft:used":{"minecraft:chest":16,"minecraft:poppy":1,"minecraft:oak_sign":3,"minecraft:shield":102,"minecraft:iron_sword":170,"minecraft:bell":1,"minecraft:carrot":1109,"minecraft:lantern":4,"minecraft:item_frame":14,"minecraft:bow":122,"minecraft:mangrove_roots":3,"minecraft:oak_sapling":1,"minecraft:furnace":15,"minecraft:egg":4,"minecraft:damaged_anvil":1,"minecraft:stone_pickaxe":450,"minecraft:cactus":2,"minecraft:wooden_pickaxe":31,"minecraft:sandstone":7,"minecraft:sugar_cane":146,"minecraft:blue_bed":1,"minecraft:diamond_axe":1227,"minecraft:white_wool":1,"minecraft:sand":31,"minecraft:loom":1,"minecraft:shears":35,"minecraft:lever":1,"minecraft:firework_rocket":259,"minecraft:stone_button":2,"minecraft:string":46,"minecraft:bread":164,"minecraft:cyan_bed":9,"minecraft:lectern":34,"minecraft:gravel":30,"minecraft:diamond_sword":147,"minecraft:andesite":2,"minecraft:oak_boat":1,"minecraft:bone_meal":176,"minecraft:netherite_sword":219,"minecraft:flint_and_steel":139,"minecraft:stone_shovel":76,"minecraft:spruce_planks":6,"minecraft:cooked_chicken":11,"minecraft:stone_hoe":284,"minecraft:netherrack":337,"minecraft:torch":584,"minecraft:dirt":4262,"minecraft:anvil":3,"minecraft:cobblestone_wall":4,"minecraft:shulker_box":13,"minecraft:spruce_fence":188,"minecraft:iron_hoe":846,"minecraft:bookshelf":25,"minecraft:iron_axe":381,"minecraft:smooth_sandstone":2,"minecraft:tripwire_hook":2,"minecraft:netherite_pickaxe":14177,"minecraft:minecart":2,"minecraft:cooked_beef":155,"minecraft:pumpkin":1,"minecraft:cooked_mutton":3,"minecraft:wheat_seeds":2665,"minecraft:water_bucket":183,"minecraft:cut_sandstone":1,"minecraft:spruce_sign":5,"minecraft:green_bed":1,"minecraft:spruce_fence_gate":7,"minecraft:cobblestone_slab":13,"minecraft:rail":2,"minecraft:vine":30,"minecraft:tnt":3,"minecraft:crafting_table":18,"minecraft:white_bed":3,"minecraft:painting":35,"minecraft:smoker":1,"minecraft:flower_pot":3,"minecraft:diamond_pickaxe":14893,"minecraft:oxeye_daisy":2,"minecraft:diamond_shovel":18242,"minecraft:iron_pickaxe":210,"minecraft:spruce_trapdoor":5,"minecraft:spruce_sapling":177,"minecraft:stone_axe":106,"minecraft:green_carpet":3,"minecraft:cobblestone":412,"minecraft:potion":1,"minecraft:cooked_porkchop":12,"minecraft:bucket":184,"minecraft:dandelion":3},"minecraft:crafted":{"minecraft:oak_planks":160,"minecraft:cobblestone_slab":6,"minecraft:oak_sign":3,"minecraft:cooked_chicken":1,"minecraft:loom":1,"minecraft:stone":1,"minecraft:lever":1,"minecraft:diamond_shovel":2,"minecraft:bookshelf":32,"minecraft:cooked_mutton":3,"minecraft:glass":5505,"minecraft:bow":4,"minecraft:diamond_helmet":1,"minecraft:diamond_leggings":1,"minecraft:chest":14,"minecraft:stone_hoe":2,"minecraft:name_tag":1,"minecraft:white_banner":1,"minecraft:item_frame":18,"minecraft:arrow":112,"minecraft:emerald":2294,"minecraft:cooked_porkchop":10,"minecraft:crafting_table":7,"minecraft:spruce_planks":860,"minecraft:wooden_pickaxe":1,"minecraft:iron_helmet":1,"minecraft:painting":9,"minecraft:spruce_trapdoor":14,"minecraft:lectern":6,"minecraft:book":21,"minecraft:diamond_pickaxe":1,"minecraft:paper":771,"minecraft:golden_leggings":1,"minecraft:charcoal":5,"minecraft:shield":4,"minecraft:stick":444,"minecraft:iron_ingot":729,"minecraft:iron_pickaxe":2,"minecraft:iron_block":9,"minecraft:gold_ingot":44,"minecraft:light_gray_dye":3,"minecraft:netherite_ingot":2,"minecraft:spruce_fence_gate":4,"minecraft:shears":2,"minecraft:stone_shovel":4,"minecraft:tripwire_hook":2,"minecraft:netherite_sword":1,"minecraft:golden_chestplate":1,"minecraft:iron_nugget":108,"minecraft:furnace":12,"minecraft:stone_button":1,"minecraft:bone_meal":603,"minecraft:spruce_fence":159,"minecraft:oak_trapdoor":4,"minecraft:flint_and_steel":2,"minecraft:lantern":8,"minecraft:iron_hoe":4,"minecraft:spruce_slab":42,"minecraft:stone_pickaxe":6,"minecraft:cobblestone_wall":6,"minecraft:diamond_boots":1,"minecraft:netherite_scrap":10,"minecraft:wheat":927,"minecraft:cooked_beef":1198,"minecraft:red_dye":4,"minecraft:netherite_pickaxe":1,"minecraft:diamond_sword":1,"minecraft:spruce_sign":12,"minecraft:blue_bed":1,"minecraft:mangrove_planks":8,"minecraft:bucket":2,"minecraft:stone_axe":1,"minecraft:enchanted_book":47,"minecraft:bread":308,"minecraft:air":0,"minecraft:blue_dye":2,"minecraft:oak_boat":1,"minecraft:white_wool":60,"minecraft:anvil":3,"minecraft:white_bed":5,"minecraft:torch":472,"minecraft:diamond_chestplate":1,"minecraft:firework_rocket":1254},"minecraft:custom":{"minecraft:animals_bred":488,"minecraft:interact_with_crafting_table":141,"minecraft:open_barrel":1,"minecraft:open_shulker_box":26,"minecraft:bell_ring":86,"minecraft:leave_game":41,"minecraft:time_since_death":48350,"minecraft:sprint_one_cm":6033644,"minecraft:damage_blocked_by_shield":6445,"minecraft:drop":637,"minecraft:talked_to_villager":924,"minecraft:play_time":1852527,"minecraft:deaths":6,"minecraft:jump":17531,"minecraft:interact_with_brewingstand":1,"minecraft:walk_on_water_one_cm":223718,"minecraft:interact_with_furnace":739,"minecraft:traded_with_villager":2245,"minecraft:interact_with_loom":4,"minecraft:sleep_in_bed":23,"minecraft:open_enderchest":7,"minecraft:damage_dealt":66588,"minecraft:crouch_one_cm":70280,"minecraft:horse_one_cm":10867,"minecraft:interact_with_smoker":82,"minecraft:interact_with_smithing_table":4,"minecraft:interact_with_anvil":50,"minecraft:mob_kills":1042,"minecraft:inspect_hopper":3,"minecraft:climb_one_cm":180694,"minecraft:walk_one_cm":6203440,"minecraft:raid_win":2,"minecraft:sneak_time":45383,"minecraft:walk_under_water_one_cm":42662,"minecraft:boat_one_cm":27567,"minecraft:interact_with_blast_furnace":1,"minecraft:total_world_time":1852527,"minecraft:pot_flower":3,"minecraft:interact_with_stonecutter":1,"minecraft:interact_with_grindstone":2,"minecraft:time_since_rest":48370,"minecraft:damage_taken":15244,"minecraft:swim_one_cm":126126,"minecraft:fly_one_cm":3296385,"minecraft:open_chest":1372,"minecraft:aviate_one_cm":8645758,"minecraft:fall_one_cm":306970},"minecraft:mined":{"minecraft:spruce_planks":9,"minecraft:white_bed":2,"minecraft:farmland":11,"minecraft:jungle_leaves":5,"minecraft:potted_cactus":3,"minecraft:spruce_trapdoor":5,"minecraft:granite":19,"minecraft:grass_block":4684,"minecraft:jungle_log":4,"minecraft:oxeye_daisy":4,"minecraft:raw_iron_block":1,"minecraft:magma_block":2,"minecraft:glowstone":1,"minecraft:iron_ore":89,"minecraft:fire":111,"minecraft:pumpkin":1,"minecraft:deepslate_lapis_ore":14,"minecraft:azure_bluet":3,"minecraft:potted_dandelion":1,"minecraft:dirt_path":12,"minecraft:green_carpet":4,"minecraft:smooth_sandstone_stairs":4,"minecraft:green_bed":1,"minecraft:tripwire":25,"minecraft:deepslate_redstone_ore":25,"minecraft:sandstone_slab":3,"minecraft:cut_sandstone":76,"minecraft:jungle_door":4,"minecraft:blackstone":100,"minecraft:crimson_nylium":1,"minecraft:smoker":1,"minecraft:torch":54,"minecraft:poppy":6,"minecraft:chest":4,"minecraft:dead_bush":1,"minecraft:nether_quartz_ore":971,"minecraft:cobblestone":185,"minecraft:oak_planks":2,"minecraft:cyan_bed":9,"minecraft:sugar_cane":502,"minecraft:smooth_sandstone_slab":48,"minecraft:wall_torch":11,"minecraft:wheat":1555,"minecraft:tnt":5,"minecraft:purpur_block":2,"minecraft:grass":805,"minecraft:oak_log":46,"minecraft:beetroots":6,"minecraft:sand":7419,"minecraft:dirt":6037,"minecraft:crimson_planks":2,"minecraft:sandstone_wall":15,"minecraft:mangrove_log":13,"minecraft:tripwire_hook":2,"minecraft:ancient_debris":43,"minecraft:netherrack":21650,"minecraft:oak_leaves":19,"minecraft:deepslate":258,"minecraft:emerald_block":3,"minecraft:nether_gold_ore":246,"minecraft:tuff":14,"minecraft:deepslate_diamond_ore":2,"minecraft:mangrove_roots":14,"minecraft:shulker_box":13,"minecraft:spruce_fence":140,"minecraft:spruce_leaves":68,"minecraft:sandstone":455,"minecraft:hay_block":93,"minecraft:spruce_sapling":7,"minecraft:furnace":4,"minecraft:carrots":936,"minecraft:chiseled_sandstone":1,"minecraft:andesite":88,"minecraft:bell":1,"minecraft:bookshelf":19,"minecraft:cobblestone_slab":3,"minecraft:deepslate_iron_ore":91,"minecraft:vine":61,"minecraft:rail":1,"minecraft:chorus_plant":3,"minecraft:stone":4268,"minecraft:white_wool":1,"minecraft:podzol":215,"minecraft:magenta_stained_glass":1,"minecraft:dandelion":14,"minecraft:smooth_sandstone":274,"minecraft:crafting_table":14,"minecraft:cornflower":3,"minecraft:lectern":32,"minecraft:copper_ore":7,"minecraft:potted_oxeye_daisy":1,"minecraft:purpur_pillar":2,"minecraft:tall_grass":20,"minecraft:lapis_ore":17,"minecraft:deepslate_gold_ore":18,"minecraft:diorite":9,"minecraft:blue_bed":1,"minecraft:lime_bed":2,"minecraft:spruce_log":868,"minecraft:coal_ore":584,"minecraft:gravel":109,"minecraft:cobweb":7,"minecraft:terracotta":16,"minecraft:spruce_fence_gate":10,"minecraft:gold_ore":27,"minecraft:fern":6},"minecraft:dropped":{"minecraft:spruce_sign":3,"minecraft:iron_sword":7,"minecraft:lapis_lazuli":70,"minecraft:diamond_axe":2,"minecraft:cooked_beef":83,"minecraft:baked_potato":5,"minecraft:ender_pearl":19,"minecraft:glass_bottle":6,"minecraft:diamond":10,"minecraft:cooked_porkchop":1,"minecraft:sandstone_slab":3,"minecraft:crossbow":3,"minecraft:lantern":1,"minecraft:leather":20,"minecraft:jungle_planks":56,"minecraft:iron_horse_armor":1,"minecraft:saddle":1,"minecraft:rail":43,"minecraft:emerald":125,"minecraft:flint":1,"minecraft:dirt":3401,"minecraft:jungle_button":2,"minecraft:cut_sandstone":168,"minecraft:jungle_sapling":7,"minecraft:gold_nugget":23,"minecraft:bone_meal":68,"minecraft:sand":507,"minecraft:bone":19,"minecraft:stone_axe":5,"minecraft:blackstone":4,"minecraft:emerald_block":3,"minecraft:sugar_cane":35,"minecraft:iron_nugget":8,"minecraft:cobbled_deepslate":201,"minecraft:smooth_sandstone_stairs":51,"minecraft:beetroot":5,"minecraft:rotten_flesh":58,"minecraft:oak_planks":20,"minecraft:jungle_trapdoor":3,"minecraft:azure_bluet":2,"minecraft:white_bed":2,"minecraft:carrot":5,"minecraft:chainmail_chestplate":3,"minecraft:sandstone_wall":48,"minecraft:poppy":1,"minecraft:lime_bed":2,"minecraft:tipped_arrow":3,"minecraft:gunpowder":7,"minecraft:beetroot_seeds":17,"minecraft:jungle_log":5,"minecraft:leather_boots":1,"minecraft:chest":1,"minecraft:spruce_slab":10,"minecraft:arrow":3,"minecraft:beef":6,"minecraft:scaffolding":999,"minecraft:quartz":101,"minecraft:netherrack":1193,"minecraft:lectern":5,"minecraft:egg":52,"minecraft:firework_rocket":128,"minecraft:water_bucket":1,"minecraft:enchanted_book":6,"minecraft:bread":149,"minecraft:wheat_seeds":2669,"minecraft:book":52,"minecraft:iron_helmet":3,"minecraft:feather":21,"minecraft:cobblestone":1566,"minecraft:lead":2,"minecraft:observer":1,"minecraft:granite":13,"minecraft:coal":13,"minecraft:spruce_fence_gate":8,"minecraft:stick":2,"minecraft:oxeye_daisy":4,"minecraft:diorite":5,"minecraft:melon_slice":5,"minecraft:jungle_door":9,"minecraft:green_carpet":3,"minecraft:iron_leggings":1,"minecraft:jungle_leaves":1,"minecraft:smooth_sandstone_slab":94,"minecraft:iron_axe":1,"minecraft:cactus":4,"minecraft:chainmail_leggings":3,"minecraft:string":1433,"minecraft:smooth_sandstone":413,"minecraft:tripwire_hook":1,"minecraft:spruce_sapling":8,"minecraft:dandelion":25,"minecraft:redstone":5,"minecraft:oak_trapdoor":4,"minecraft:raw_copper":106,"minecraft:smooth_stone_slab":8,"minecraft:green_bed":1,"minecraft:tuff":7,"minecraft:raw_iron":3,"minecraft:stone_shovel":4,"minecraft:chicken":37,"minecraft:iron_boots":1,"minecraft:shulker_box":1,"minecraft:flint_and_steel":2,"minecraft:flower_pot":3,"minecraft:spruce_trapdoor":13,"minecraft:diamond_pickaxe":2,"minecraft:iron_chestplate":2,"minecraft:andesite":56,"minecraft:spider_eye":2,"minecraft:bamboo":480,"minecraft:spruce_log":1,"minecraft:sandstone":223,"minecraft:bow":10,"minecraft:stone_pickaxe":10,"minecraft:wooden_pickaxe":1,"minecraft:terracotta":38},"minecraft:killed_by":{"minecraft:player":4},"minecraft:killed":{"minecraft:zombified_piglin":1,"minecraft:witch":3,"minecraft:spider":17,"minecraft:shulker":1,"minecraft:skeleton":17,"minecraft:chicken":7,"minecraft:piglin":1,"minecraft:pig":5,"minecraft:zombie_villager":1,"minecraft:iron_golem":1,"minecraft:creeper":12,"minecraft:sheep":2,"minecraft:pillager":6,"minecraft:zombie":57,"minecraft:cow":345,"minecraft:vex":2,"minecraft:vindicator":1,"minecraft:phantom":12,"minecraft:husk":8,"minecraft:hoglin":14,"minecraft:enderman":512},"minecraft:broken":{"minecraft:golden_boots":1,"minecraft:stone_pickaxe":3,"minecraft:diamond_shovel":1,"minecraft:iron_hoe":3,"minecraft:leather_helmet":1,"minecraft:flint_and_steel":1,"minecraft:stone_hoe":2,"minecraft:shield":1,"minecraft:leather_boots":1},"minecraft:picked_up":{"minecraft:shulker_shell":1,"minecraft:iron_chestplate":6,"minecraft:wheat":1798,"minecraft:flower_pot":6,"minecraft:lead":2,"minecraft:enchanted_book":6,"minecraft:potion":1,"minecraft:crimson_planks":2,"minecraft:string":24837,"minecraft:raw_copper":105,"minecraft:smooth_stone_slab":8,"minecraft:iron_leggings":1,"minecraft:beetroot":5,"minecraft:diamond_leggings":1,"minecraft:gold_nugget":165,"minecraft:cobbled_deepslate":249,"minecraft:spruce_planks":61,"minecraft:cobblestone_slab":7,"minecraft:netherite_upgrade_smithing_template":2,"minecraft:iron_pickaxe":4,"minecraft:melon_slice":5,"minecraft:mangrove_log":12,"minecraft:iron_boots":1,"minecraft:furnace":8,"minecraft:tipped_arrow":4,"minecraft:spruce_pressure_plate":2,"minecraft:stick":118,"minecraft:jungle_door":9,"minecraft:torch":268,"minecraft:purpur_pillar":1,"minecraft:green_bed":1,"minecraft:spruce_stairs":1,"minecraft:sandstone_wall":34,"minecraft:porkchop":11,"minecraft:diorite":7,"minecraft:vine":30,"minecraft:cactus":7,"minecraft:rotten_flesh":105,"minecraft:blue_dye":1,"minecraft:mangrove_roots":25,"minecraft:cobblestone":3033,"minecraft:magma_block":2,"minecraft:feather":23,"minecraft:cooked_beef":252,"minecraft:jungle_log":5,"minecraft:andesite":92,"minecraft:water_bucket":4,"minecraft:golden_leggings":1,"minecraft:smoker":1,"minecraft:flint":28,"minecraft:smooth_sandstone_stairs":24,"minecraft:tuff":14,"minecraft:light_gray_dye":1,"minecraft:lapis_lazuli":370,"minecraft:dirt":7884,"minecraft:lantern":1,"minecraft:leather_boots":3,"minecraft:glass":463,"minecraft:bone":342,"minecraft:bow":16,"minecraft:wheat_seeds":5784,"minecraft:raw_gold":68,"minecraft:bell":1,"minecraft:diamond_helmet":1,"minecraft:glowstone_dust":4,"minecraft:bamboo":506,"minecraft:oak_planks":288,"minecraft:cooked_porkchop":20,"minecraft:sand":5041,"minecraft:jungle_planks":56,"minecraft:grass_block":1,"minecraft:cyan_bed":11,"minecraft:shulker_box":18,"minecraft:jungle_leaves":1,"minecraft:spruce_fence_gate":11,"minecraft:sugar":2,"minecraft:diamond":7,"minecraft:lever":2,"minecraft:crossbow":3,"minecraft:granite":19,"minecraft:bone_meal":79,"minecraft:golden_apple":2,"minecraft:spruce_sign":3,"minecraft:emerald":286,"minecraft:bread":113,"minecraft:oak_sapling":1,"minecraft:netherrack":2827,"minecraft:chorus_fruit":34,"minecraft:diamond_pickaxe":3,"minecraft:crafting_table":18,"minecraft:sandstone_slab":3,"minecraft:azure_bluet":6,"minecraft:chicken":38,"minecraft:cooked_rabbit":1,"minecraft:dragon_head":1,"minecraft:purpur_block":2,"minecraft:shield":7,"minecraft:cornflower":5,"minecraft:jungle_trapdoor":3,"minecraft:elytra":2,"minecraft:moss_carpet":3,"minecraft:iron_axe":4,"minecraft:flint_and_steel":5,"minecraft:item_frame":1,"minecraft:blackstone":58,"minecraft:netherite_sword":1,"minecraft:beef":786,"minecraft:oak_boat":1,"minecraft:observer":1,"minecraft:jungle_sapling":8,"minecraft:poppy":7,"minecraft:minecart":4,"minecraft:lectern":33,"minecraft:sugar_cane":840,"minecraft:chest":3,"minecraft:spruce_trapdoor":9,"minecraft:phantom_membrane":2,"minecraft:egg":54,"minecraft:raw_iron":307,"minecraft:sandstone":468,"minecraft:stone":39,"minecraft:spruce_fence":121,"minecraft:stone_button":1,"minecraft:carrot":2988,"minecraft:redstone":141,"minecraft:netherite_pickaxe":1,"minecraft:iron_horse_armor":1,"minecraft:smooth_sandstone_slab":118,"minecraft:tnt":2,"minecraft:arrow":400,"minecraft:stone_shovel":4,"minecraft:diamond_chestplate":1,"minecraft:beetroot_seeds":17,"minecraft:shears":2,"minecraft:diamond_boots":1,"minecraft:hay_block":93,"minecraft:saddle":1,"minecraft:gold_ingot":21,"minecraft:mutton":3,"minecraft:rail":5,"minecraft:white_wool":8,"minecraft:oxeye_daisy":10,"minecraft:lime_bed":2,"minecraft:tripwire_hook":3,"minecraft:leather":511,"minecraft:cut_sandstone":110,"minecraft:jungle_fence":3,"minecraft:oak_log":69,"minecraft:chainmail_chestplate":3,"minecraft:ancient_debris":43,"minecraft:jungle_button":4,"minecraft:golden_boots":1,"minecraft:gunpowder":30,"minecraft:blue_bed":2,"minecraft:paper":54,"minecraft:white_banner":1,"minecraft:smooth_sandstone":602,"minecraft:iron_ingot":58,"minecraft:stone_pickaxe":13,"minecraft:cooked_chicken":10,"minecraft:glass_bottle":5,"minecraft:iron_sword":15,"minecraft:book":131,"minecraft:scaffolding":1371,"minecraft:emerald_block":3,"minecraft:pumpkin":1,"minecraft:quartz":362,"minecraft:dandelion":34,"minecraft:raw_iron_block":1,"minecraft:gravel":42,"minecraft:spruce_sapling":188,"minecraft:white_bed":2,"minecraft:spruce_log":1146,"minecraft:green_carpet":6,"minecraft:spider_eye":4,"minecraft:leather_helmet":1,"minecraft:firework_rocket":100,"minecraft:diamond_shovel":4,"minecraft:stone_axe":7,"minecraft:chainmail_leggings":3,"minecraft:iron_helmet":2,"minecraft:diamond_axe":4,"minecraft:painting":26,"minecraft:terracotta":17,"minecraft:baked_potato":5,"minecraft:damaged_anvil":1,"minecraft:coal":1048,"minecraft:ender_pearl":240}},"DataVersion":3465}