{"stats":{"minecraft:used":{"minecraft:shield":5,"minecraft:elytra":4,"minecraft:ladder":2,"minecraft:chest":108,"minecraft:stone":62,"minecraft:white_shulker_box":42,"minecraft:mutton":3,"minecraft:nether_bricks":67,"minecraft:carrot":38,"minecraft:tuff":5,"minecraft:obsidian":13,"minecraft:snowball":45,"minecraft:stripped_spruce_log":1,"minecraft:glass":4796,"minecraft:jungle_sapling":8,"minecraft:hopper_minecart":46,"minecraft:stone_brick_stairs":39,"minecraft:bedrock":4,"minecraft:repeater":9,"minecraft:magma_block":6194,"minecraft:snow":124,"minecraft:bow":23,"minecraft:scaffolding":498,"minecraft:gold_block":12,"minecraft:egg":4,"minecraft:diorite":1,"minecraft:diamond_boots":5,"minecraft:end_stone_bricks":2,"minecraft:chorus_fruit":14,"minecraft:stone_pickaxe":3,"minecraft:blackstone":10,"minecraft:ender_pearl":39,"minecraft:sandstone":19,"minecraft:redstone_block":37,"minecraft:diamond_axe":308,"minecraft:purpur_pillar":1,"minecraft:golden_apple":3,"minecraft:white_wool":1,"minecraft:blast_furnace":15,"minecraft:sticky_piston":5,"minecraft:redstone_torch":7,"minecraft:lever":1,"minecraft:firework_rocket":488,"minecraft:bread":47,"minecraft:lectern":181,"minecraft:diamond_sword":713,"minecraft:nether_wart_block":6,"minecraft:fire_charge":1,"minecraft:wooden_sword":9,"minecraft:cooked_rabbit":1,"minecraft:smooth_stone_slab":12,"minecraft:experience_bottle":40,"minecraft:oak_trapdoor":73,"minecraft:flint_and_steel":23,"minecraft:armor_stand":1,"minecraft:redstone":21,"minecraft:netherrack":1499,"minecraft:torch":1,"minecraft:dirt":8,"minecraft:anvil":6,"minecraft:white_carpet":10,"minecraft:chorus_flower":1,"minecraft:hopper":124,"minecraft:cobblestone_wall":116,"minecraft:diamond_helmet":4,"minecraft:spruce_fence":3,"minecraft:shulker_box":45,"minecraft:red_shulker_box":13,"minecraft:bookshelf":2,"minecraft:jungle_log":1,"minecraft:crimson_planks":42,"minecraft:diamond_chestplate":5,"minecraft:golden_carrot":29,"minecraft:goat_horn":132,"minecraft:minecart":315,"minecraft:cooked_beef":80,"minecraft:zombified_piglin_spawn_egg":13,"minecraft:cobbled_deepslate":14,"minecraft:calcite":2,"minecraft:snow_block":12,"minecraft:glass_bottle":7,"minecraft:black_shulker_box":12,"minecraft:spruce_sign":1,"minecraft:fletching_table":1,"minecraft:rail":214,"minecraft:comparator":8,"minecraft:tnt":3,"minecraft:crafting_table":9,"minecraft:smoker":3,"minecraft:piston":62,"minecraft:diamond_pickaxe":14897,"minecraft:diamond_shovel":265,"minecraft:iron_pickaxe":1,"minecraft:stone_slab":4,"minecraft:spruce_trapdoor":33,"minecraft:spruce_sapling":5,"minecraft:cobblestone":144,"minecraft:potion":1,"minecraft:porkchop":19,"minecraft:white_banner":1,"minecraft:cooked_porkchop":58,"minecraft:end_portal_frame":1,"minecraft:sea_pickle":7,"minecraft:diamond_leggings":4,"minecraft:splash_potion":4,"minecraft:gray_wool":1,"minecraft:smooth_stone":4},"minecraft:crafted":{"minecraft:smooth_stone":29,"minecraft:oak_planks":12,"minecraft:cobblestone_slab":6,"minecraft:blaze_powder":12,"minecraft:stone":76,"minecraft:snow":162,"minecraft:bookshelf":1,"minecraft:shulker_box":3,"minecraft:hopper":113,"minecraft:diamond_helmet":1,"minecraft:repeater":5,"minecraft:diamond_leggings":1,"minecraft:comparator":8,"minecraft:chest":353,"minecraft:white_shulker_box":3,"minecraft:name_tag":10,"minecraft:glass_bottle":6,"minecraft:item_frame":64,"minecraft:emerald":1008,"minecraft:arrow":64,"minecraft:crafting_table":5,"minecraft:spruce_planks":3968,"minecraft:gold_block":189,"minecraft:hopper_minecart":12,"minecraft:spruce_trapdoor":36,"minecraft:paper":129,"minecraft:diamond_pickaxe":5,"minecraft:yellow_dye":1,"minecraft:shield":1,"minecraft:stick":2104,"minecraft:iron_ingot":2292,"minecraft:iron_block":192,"minecraft:snow_block":63,"minecraft:gold_ingot":2950,"minecraft:light_gray_dye":1,"minecraft:netherite_ingot":1,"minecraft:redstone_torch":41,"minecraft:golden_carrot":1801,"minecraft:wooden_sword":1,"minecraft:redstone":180,"minecraft:raw_iron":333,"minecraft:smooth_stone_slab":12,"minecraft:iron_nugget":108,"minecraft:furnace":8,"minecraft:blast_furnace":7,"minecraft:bone_meal":9,"minecraft:blue_shulker_box":1,"minecraft:white_carpet":6,"minecraft:flint_and_steel":1,"minecraft:scaffolding":66,"minecraft:yellow_shulker_box":1,"minecraft:light_gray_shulker_box":1,"minecraft:polished_diorite":124,"minecraft:ladder":3,"minecraft:red_shulker_box":1,"minecraft:diamond_boots":1,"minecraft:netherite_scrap":4,"minecraft:minecart":115,"minecraft:wheat":306,"minecraft:cooked_beef":45,"minecraft:red_dye":1,"minecraft:crimson_planks":40,"minecraft:diamond_sword":1,"minecraft:enchanted_book":71,"minecraft:bread":102,"minecraft:air":0,"minecraft:blue_dye":1,"minecraft:white_wool":9,"minecraft:gold_nugget":15517,"minecraft:white_dye":3,"minecraft:raw_gold":81,"minecraft:anvil":12,"minecraft:firework_rocket":396,"minecraft:diamond_chestplate":1},"minecraft:custom":{"minecraft:interact_with_crafting_table":121,"minecraft:open_shulker_box":489,"minecraft:bell_ring":9,"minecraft:leave_game":30,"minecraft:time_since_death":123840,"minecraft:sprint_one_cm":3138167,"minecraft:damage_blocked_by_shield":199,"minecraft:drop":1848,"minecraft:talked_to_villager":653,"minecraft:play_time":1471788,"minecraft:deaths":17,"minecraft:jump":11369,"minecraft:interact_with_brewingstand":17,"minecraft:enchant_item":3,"minecraft:walk_on_water_one_cm":24872,"minecraft:interact_with_furnace":254,"minecraft:traded_with_villager":392,"minecraft:interact_with_loom":2,"minecraft:sleep_in_bed":8,"minecraft:open_enderchest":28,"minecraft:damage_dealt":39510,"minecraft:player_kills":1,"minecraft:crouch_one_cm":1176135,"minecraft:horse_one_cm":28820,"minecraft:interact_with_smoker":36,"minecraft:interact_with_smithing_table":8,"minecraft:interact_with_anvil":67,"minecraft:mob_kills":25121,"minecraft:inspect_hopper":213,"minecraft:climb_one_cm":212068,"minecraft:walk_one_cm":2641777,"minecraft:raid_win":1,"minecraft:sneak_time":234960,"minecraft:walk_under_water_one_cm":15901,"minecraft:interact_with_blast_furnace":62,"minecraft:total_world_time":1471788,"minecraft:raid_trigger":1,"minecraft:interact_with_stonecutter":4,"minecraft:interact_with_grindstone":10,"minecraft:time_since_rest":123896,"minecraft:damage_absorbed":80,"minecraft:damage_taken":19593,"minecraft:minecart_one_cm":40,"minecraft:swim_one_cm":101449,"minecraft:fly_one_cm":2446722,"minecraft:open_chest":2186,"minecraft:aviate_one_cm":11961472,"minecraft:fall_one_cm":216481},"minecraft:mined":{"minecraft:black_shulker_box":13,"minecraft:red_shulker_box":14,"minecraft:obsidian":1,"minecraft:spruce_trapdoor":1,"minecraft:granite":26,"minecraft:grass_block":25,"minecraft:purpur_slab":1,"minecraft:hopper":1,"minecraft:spawner":7,"minecraft:chorus_flower":1,"minecraft:tall_seagrass":9,"minecraft:weeping_vines_plant":6,"minecraft:raw_iron_block":10,"minecraft:magma_block":6511,"minecraft:iron_ore":129,"minecraft:sticky_piston":5,"minecraft:fire":29,"minecraft:deepslate_lapis_ore":3,"minecraft:fletching_table":1,"minecraft:pointed_dripstone":4,"minecraft:white_shulker_box":44,"minecraft:end_stone_bricks":2,"minecraft:deepslate_redstone_ore":12,"minecraft:cut_sandstone":2,"minecraft:blackstone":21,"minecraft:crimson_nylium":143,"minecraft:smoker":3,"minecraft:blast_furnace":4,"minecraft:poppy":1,"minecraft:spruce_wall_sign":1,"minecraft:nether_quartz_ore":87,"minecraft:glass":647,"minecraft:cobblestone":22,"minecraft:sugar_cane":7,"minecraft:deepslate_copper_ore":6,"minecraft:seagrass":1,"minecraft:nether_wart_block":20,"minecraft:wheat":235,"minecraft:tnt":1,"minecraft:purpur_block":2,"minecraft:stone_brick_stairs":11,"minecraft:smooth_stone_slab":8,"minecraft:grass":6,"minecraft:oak_log":3,"minecraft:dirt":46,"minecraft:crimson_planks":2,"minecraft:smooth_basalt":1,"minecraft:ancient_debris":4,"minecraft:netherrack":3219,"minecraft:piston":11,"minecraft:oak_leaves":2,"minecraft:deepslate":1365,"minecraft:nether_gold_ore":11,"minecraft:tuff":607,"minecraft:mossy_cobblestone":1,"minecraft:deepslate_diamond_ore":24,"minecraft:end_stone":5,"minecraft:shulker_box":49,"minecraft:nether_bricks":81,"minecraft:spruce_fence":3,"minecraft:crimson_roots":2,"minecraft:weeping_vines":4,"minecraft:mangrove_propagule":1,"minecraft:crimson_stem":10,"minecraft:hay_block":34,"minecraft:snow":177,"minecraft:andesite":53,"minecraft:gold_block":13,"minecraft:nether_brick_fence":2,"minecraft:bookshelf":2,"minecraft:vine":1,"minecraft:deepslate_iron_ore":437,"minecraft:rail":179,"minecraft:chorus_plant":3,"minecraft:bamboo":7,"minecraft:stone":948,"minecraft:scaffolding":62,"minecraft:redstone_block":13,"minecraft:snow_block":8,"minecraft:dandelion":2,"minecraft:crafting_table":6,"minecraft:cornflower":1,"minecraft:lectern":180,"minecraft:copper_ore":3,"minecraft:deepslate_gold_ore":19,"minecraft:lapis_ore":5,"minecraft:diorite":102,"minecraft:cobblestone_wall":3,"minecraft:spruce_log":113,"minecraft:coal_ore":336,"minecraft:end_rod":2,"minecraft:gravel":42,"minecraft:terracotta":1},"minecraft:dropped":{"minecraft:blue_shulker_box":3,"minecraft:iron_sword":3,"minecraft:porkchop":18,"minecraft:lapis_lazuli":63,"minecraft:cooked_beef":61,"minecraft:ender_pearl":350,"minecraft:glass_bottle":3,"minecraft:diamond":24,"minecraft:crafting_table":1,"minecraft:weeping_vines":2,"minecraft:leather":8,"minecraft:jungle_planks":64,"minecraft:rail":8,"minecraft:elytra":1,"minecraft:red_mushroom":2,"minecraft:item_frame":2,"minecraft:flint":92,"minecraft:emerald":211,"minecraft:dirt":76,"minecraft:cornflower":1,"minecraft:crimson_roots":20,"minecraft:seagrass":1,"minecraft:netherite_boots":1,"minecraft:gold_nugget":479,"minecraft:bone_meal":4,"minecraft:sugar":1,"minecraft:iron_pickaxe":2,"minecraft:white_wool":5,"minecraft:gold_ingot":107,"minecraft:gravel":1,"minecraft:goat_horn":1,"minecraft:blackstone":43,"minecraft:sugar_cane":2,"minecraft:spyglass":1,"minecraft:iron_nugget":16,"minecraft:cobbled_deepslate":278,"minecraft:obsidian":3,"minecraft:pointed_dripstone":6,"minecraft:rotten_flesh":8550,"minecraft:diamond_shovel":1,"minecraft:carrot":3011,"minecraft:shulker_shell":2,"minecraft:poppy":1,"minecraft:gunpowder":192,"minecraft:chest":1,"minecraft:ladder":3,"minecraft:arrow":61,"minecraft:glass":2048,"minecraft:stone_brick_stairs":106,"minecraft:quartz":192,"minecraft:netherrack":906,"minecraft:firework_rocket":226,"minecraft:egg":1,"minecraft:enchanted_book":11,"minecraft:iron_ingot":17,"minecraft:bread":113,"minecraft:netherite_pickaxe":1,"minecraft:clock":1,"minecraft:minecart":1,"minecraft:netherite_helmet":1,"minecraft:netherite_axe":1,"minecraft:netherite_chestplate":1,"minecraft:mangrove_propagule":1,"minecraft:cobblestone":613,"minecraft:granite":10,"minecraft:hopper_minecart":3,"minecraft:golden_apple":2,"minecraft:coal":53,"minecraft:end_rod":1,"minecraft:lava_bucket":1,"minecraft:iron_block":64,"minecraft:diorite":39,"minecraft:nether_wart_block":2,"minecraft:yellow_shulker_box":1,"minecraft:smooth_stone":6,"minecraft:string":4,"minecraft:bucket":1,"minecraft:dandelion":1,"minecraft:redstone_block":1,"minecraft:redstone":1,"minecraft:furnace":1,"minecraft:ender_chest":1,"minecraft:tuff":140,"minecraft:name_tag":2,"minecraft:shulker_box":3,"minecraft:netherite_leggings":1,"minecraft:diamond_sword":7,"minecraft:potato":2,"minecraft:cobblestone_slab":6,"minecraft:stone":2,"minecraft:shield":1,"minecraft:diamond_chestplate":1,"minecraft:diamond_pickaxe":4,"minecraft:andesite":28,"minecraft:golden_sword":1130,"minecraft:bamboo":10,"minecraft:diamond_boots":1,"minecraft:bow":1,"minecraft:magma_block":3146},"minecraft:killed_by":{"minecraft:piglin_brute":1,"minecraft:creeper":1,"minecraft:pillager":1,"minecraft:player":7,"minecraft:hoglin":2},"minecraft:killed":{"minecraft:zombified_piglin":8,"minecraft:witch":1,"minecraft:spider":13,"minecraft:shulker":9,"minecraft:skeleton":6,"minecraft:turtle":1,"minecraft:magma_cube":3,"minecraft:piglin":5,"minecraft:iron_golem":1,"minecraft:creeper":7,"minecraft:sheep":2,"minecraft:pillager":5,"minecraft:zombie":15,"minecraft:ghast":1,"minecraft:stray":2,"minecraft:blaze":14,"minecraft:cow":100,"minecraft:vindicator":2,"minecraft:slime":3,"minecraft:phantom":1,"minecraft:husk":18,"minecraft:hoglin":13,"minecraft:squid":2,"minecraft:wither_skeleton":4,"minecraft:enderman":246},"minecraft:broken":{"minecraft:diamond_pickaxe":2},"minecraft:picked_up":{"minecraft:shulker_shell":10,"minecraft:seagrass":1,"minecraft:wheat":206,"minecraft:redstone_block":9,"minecraft:ender_chest":1,"minecraft:nether_brick_fence":2,"minecraft:diamond_sword":14,"minecraft:potion":2,"minecraft:enchanted_book":3,"minecraft:stone_brick_stairs":110,"minecraft:crimson_planks":2,"minecraft:brewing_stand":2,"minecraft:golden_sword":128,"minecraft:string":256,"minecraft:raw_copper":77,"minecraft:smooth_stone_slab":4,"minecraft:sticky_piston":3,"minecraft:armor_stand":1,"minecraft:smooth_stone":6,"minecraft:diamond_leggings":9,"minecraft:black_shulker_box":14,"minecraft:gold_nugget":886,"minecraft:cobbled_deepslate":827,"minecraft:bucket":1,"minecraft:iron_pickaxe":2,"minecraft:hopper_minecart":21,"minecraft:stick":38,"minecraft:torch":1,"minecraft:purpur_pillar":1,"minecraft:snow_block":34,"minecraft:porkchop":46,"minecraft:pointed_dripstone":6,"minecraft:diorite":131,"minecraft:goat_horn":5,"minecraft:rotten_flesh":1235,"minecraft:iron_block":64,"minecraft:end_rod":2,"minecraft:chorus_flower":1,"minecraft:netherite_chestplate":1,"minecraft:blaze_rod":6,"minecraft:obsidian":1,"minecraft:snowball":297,"minecraft:cobblestone":1331,"minecraft:magma_block":10214,"minecraft:feather":2,"minecraft:cooked_beef":144,"minecraft:magma_cream":1,"minecraft:andesite":49,"minecraft:jungle_log":1,"minecraft:smoker":3,"minecraft:potato":2,"minecraft:flint":196,"minecraft:tuff":299,"minecraft:netherite_leggings":1,"minecraft:lapis_lazuli":63,"minecraft:dirt":200,"minecraft:name_tag":2,"minecraft:glass":1816,"minecraft:bone":70,"minecraft:bow":2,"minecraft:wheat_seeds":576,"minecraft:raw_gold":38,"minecraft:netherite_axe":1,"minecraft:fletching_table":1,"minecraft:diamond_helmet":10,"minecraft:bamboo":60,"minecraft:cooked_porkchop":100,"minecraft:stripped_spruce_log":1,"minecraft:ink_sac":6,"minecraft:shulker_box":60,"minecraft:sugar":1,"minecraft:diamond":56,"minecraft:netherite_helmet":1,"minecraft:crossbow":1,"minecraft:granite":31,"minecraft:golden_apple":1,"minecraft:spruce_sign":1,"minecraft:emerald":37,"minecraft:bread":113,"minecraft:netherrack":4098,"minecraft:chorus_fruit":64,"minecraft:crimson_roots":42,"minecraft:diamond_pickaxe":12,"minecraft:end_stone_bricks":4,"minecraft:crafting_table":5,"minecraft:chicken":1,"minecraft:ladder":2,"minecraft:gold_block":38,"minecraft:purpur_block":2,"minecraft:shield":2,"minecraft:cornflower":1,"minecraft:elytra":8,"minecraft:wooden_sword":1,"minecraft:flint_and_steel":2,"minecraft:snow":6,"minecraft:item_frame":6,"minecraft:white_carpet":1,"minecraft:blackstone":64,"minecraft:beef":167,"minecraft:jungle_sapling":8,"minecraft:iron_nugget":31,"minecraft:poppy":2,"minecraft:minecart":21,"minecraft:lectern":181,"minecraft:blue_shulker_box":2,"minecraft:sugar_cane":15,"minecraft:chest":1,"minecraft:piston":13,"minecraft:spruce_trapdoor":1,"minecraft:phantom_membrane":2,"minecraft:egg":11,"minecraft:raw_iron":1204,"minecraft:sandstone":19,"minecraft:end_stone":5,"minecraft:stone":2,"minecraft:spruce_fence":3,"minecraft:carrot":2580,"minecraft:redstone":61,"minecraft:netherite_pickaxe":1,"minecraft:tnt":1,"minecraft:arrow":90,"minecraft:weeping_vines":5,"minecraft:red_shulker_box":15,"minecraft:diamond_chestplate":7,"minecraft:nether_bricks":80,"minecraft:diamond_boots":10,"minecraft:purpur_slab":1,"minecraft:hay_block":34,"minecraft:gold_ingot":195,"minecraft:white_shulker_box":47,"minecraft:mutton":3,"minecraft:rail":252,"minecraft:white_wool":1,"minecraft:netherite_boots":1,"minecraft:golden_carrot":1,"minecraft:crimson_stem":10,"minecraft:cut_sandstone":4,"minecraft:leather":108,"minecraft:red_mushroom":2,"minecraft:crimson_fungus":1,"minecraft:oak_log":3,"minecraft:ancient_debris":4,"minecraft:nether_wart_block":11,"minecraft:gunpowder":10,"minecraft:white_banner":1,"minecraft:apple":4,"minecraft:iron_ingot":310,"minecraft:stone_pickaxe":2,"minecraft:glass_bottle":2,"minecraft:iron_sword":2,"minecraft:book":52,"minecraft:scaffolding":465,"minecraft:emerald_block":64,"minecraft:quartz":261,"minecraft:dandelion":2,"minecraft:spyglass":1,"minecraft:raw_iron_block":10,"minecraft:gravel":3,"minecraft:lava_bucket":1,"minecraft:spruce_sapling":5,"minecraft:blast_furnace":4,"minecraft:spruce_log":118,"minecraft:spider_eye":11,"minecraft:dragon_egg":1,"minecraft:firework_rocket":427,"minecraft:diamond_shovel":5,"minecraft:slime_ball":5,"minecraft:diamond_axe":1,"minecraft:gray_wool":1,"minecraft:terracotta":2,"minecraft:mangrove_propagule":1,"minecraft:coal":875,"minecraft:hopper":2,"minecraft:ender_pearl":758}},"DataVersion":3465}