{"stats":{"minecraft:used":{"minecraft:dispenser":11,"minecraft:elytra":3,"minecraft:chest":27,"minecraft:rotten_flesh":2,"minecraft:spruce_boat":1,"minecraft:jungle_sapling":68,"minecraft:netherite_shovel":18158,"minecraft:quartz_block":1,"minecraft:netherite_hoe":64,"minecraft:bow":914,"minecraft:powered_rail":3,"minecraft:wooden_pickaxe":48,"minecraft:sand":171,"minecraft:lectern":734,"minecraft:nether_wart_block":6,"minecraft:diamond_sword":971,"minecraft:oak_boat":5,"minecraft:armor_stand":1,"minecraft:netherrack":1599,"minecraft:torch":58,"minecraft:anvil":2,"minecraft:ancient_debris":10,"minecraft:red_shulker_box":3,"minecraft:iron_axe":2018,"minecraft:jungle_log":4,"minecraft:totem_of_undying":1,"minecraft:cobbled_deepslate":25,"minecraft:observer":10,"minecraft:water_bucket":212,"minecraft:birch_planks":1,"minecraft:yellow_shulker_box":34,"minecraft:smooth_sandstone_slab":9,"minecraft:fletching_table":18,"minecraft:rail":123,"minecraft:comparator":7,"minecraft:tnt":373,"minecraft:crafting_table":14,"minecraft:white_bed":3,"minecraft:spruce_log":31,"minecraft:diamond_pickaxe":15130,"minecraft:cornflower":1,"minecraft:diamond_shovel":6187,"minecraft:iron_pickaxe":1697,"minecraft:spruce_trapdoor":11,"minecraft:spruce_sapling":124,"minecraft:cobblestone":264,"minecraft:potion":1,"minecraft:cooked_porkchop":4,"minecraft:sandstone_slab":3,"minecraft:iron_shovel":1,"minecraft:shield":57,"minecraft:iron_sword":349,"minecraft:smooth_sandstone_stairs":4,"minecraft:obsidian":61,"minecraft:glass":128,"minecraft:item_frame":3,"minecraft:repeater":100,"minecraft:scaffolding":563,"minecraft:blue_shulker_box":6,"minecraft:dropper":1,"minecraft:stone_pickaxe":5,"minecraft:oak_planks":19,"minecraft:ender_pearl":29,"minecraft:sandstone":8,"minecraft:sugar_cane":14,"minecraft:diamond_axe":1696,"minecraft:end_stone":183,"minecraft:lever":6,"minecraft:firework_rocket":1304,"minecraft:string":8,"minecraft:bread":164,"minecraft:gravel":2,"minecraft:bone_meal":127,"minecraft:experience_bottle":24,"minecraft:netherite_sword":1329,"minecraft:flint_and_steel":236,"minecraft:redstone":6,"minecraft:spruce_planks":43,"minecraft:cooked_chicken":13,"minecraft:dirt":2741,"minecraft:hopper":25,"minecraft:shulker_box":142,"minecraft:bookshelf":11,"minecraft:smooth_sandstone":28,"minecraft:crimson_planks":192,"minecraft:golden_carrot":120,"minecraft:emerald_block":44,"minecraft:lime_stained_glass":2,"minecraft:netherite_pickaxe":12373,"minecraft:minecart":15,"minecraft:cooked_beef":269,"minecraft:acacia_boat":6,"minecraft:netherite_chestplate":4,"minecraft:cut_sandstone":25,"minecraft:spruce_sign":18,"minecraft:stonecutter":2,"minecraft:green_bed":3,"minecraft:cobblestone_slab":2711,"minecraft:lime_bed":1,"minecraft:apple":1,"minecraft:netherite_axe":1134,"minecraft:stone_axe":433,"minecraft:white_banner":2,"minecraft:bucket":224},"minecraft:crafted":{"minecraft:birch_slab":12,"minecraft:lever":1,"minecraft:diamond_shovel":2,"minecraft:bookshelf":21,"minecraft:shulker_box":3,"minecraft:glass":128,"minecraft:repeater":24,"minecraft:diamond_helmet":1,"minecraft:diamond_leggings":1,"minecraft:netherite_boots":2,"minecraft:tipped_arrow":60,"minecraft:emerald":6317,"minecraft:diamond_axe":4,"minecraft:snout_armor_trim_smithing_template":4,"minecraft:fletching_table":7,"minecraft:lectern":10,"minecraft:stone_slab":54,"minecraft:iron_pickaxe":6,"minecraft:iron_block":31,"minecraft:gold_ingot":64,"minecraft:netherite_ingot":12,"minecraft:golden_carrot":9,"minecraft:experience_bottle":24,"minecraft:diamond_hoe":1,"minecraft:blue_shulker_box":1,"minecraft:bone_meal":252,"minecraft:netherite_axe":1,"minecraft:spruce_slab":78,"minecraft:red_shulker_box":1,"minecraft:stone_pickaxe":10,"minecraft:diamond_boots":1,"minecraft:eye_armor_trim_smithing_template":2,"minecraft:spruce_boat":1,"minecraft:chainmail_leggings":12,"minecraft:wheat":774,"minecraft:crossbow":2,"minecraft:netherite_pickaxe":1,"minecraft:enchanted_book":43,"minecraft:iron_shovel":1,"minecraft:iron_leggings":1,"minecraft:white_bed":1,"minecraft:oak_planks":20,"minecraft:cobblestone_slab":822,"minecraft:stone":104,"minecraft:spruce_pressure_plate":6,"minecraft:hopper":25,"minecraft:bow":34,"minecraft:iron_boots":7,"minecraft:comparator":1,"minecraft:chest":42,"minecraft:netherite_helmet":2,"minecraft:netherite_upgrade_smithing_template":24,"minecraft:dropper":10,"minecraft:arrow":704,"minecraft:crafting_table":6,"minecraft:spruce_planks":8384,"minecraft:wooden_pickaxe":1,"minecraft:iron_helmet":2,"minecraft:chainmail_chestplate":10,"minecraft:dispenser":10,"minecraft:tnt":435,"minecraft:spruce_trapdoor":10,"minecraft:paper":849,"minecraft:diamond_pickaxe":1,"minecraft:emerald_block":504,"minecraft:shield":6,"minecraft:stick":20906,"minecraft:netherite_hoe":1,"minecraft:iron_ingot":346,"minecraft:redstone_torch":50,"minecraft:redstone":18,"minecraft:netherite_sword":1,"minecraft:furnace":1,"minecraft:flint_and_steel":1,"minecraft:netherite_chestplate":2,"minecraft:netherite_leggings":2,"minecraft:iron_axe":11,"minecraft:netherite_scrap":47,"minecraft:observer":10,"minecraft:cooked_beef":64,"minecraft:crimson_planks":200,"minecraft:diamond_sword":2,"minecraft:spruce_sign":18,"minecraft:iron_sword":2,"minecraft:bucket":20,"minecraft:stone_axe":16,"minecraft:bread":236,"minecraft:acacia_boat":1,"minecraft:air":0,"minecraft:jungle_planks":2976,"minecraft:oak_boat":1,"minecraft:gold_nugget":72,"minecraft:netherite_shovel":1,"minecraft:anvil":2,"minecraft:acacia_planks":56,"minecraft:torch":60,"minecraft:diamond_chestplate":1,"minecraft:firework_rocket":2190},"minecraft:custom":{"minecraft:interact_with_crafting_table":250,"minecraft:open_barrel":1,"minecraft:bell_ring":7,"minecraft:leave_game":43,"minecraft:time_since_death":67444,"minecraft:damage_blocked_by_shield":2120,"minecraft:play_time":3223233,"minecraft:deaths":15,"minecraft:jump":35485,"minecraft:enchant_item":3,"minecraft:interact_with_furnace":164,"minecraft:traded_with_villager":3567,"minecraft:sleep_in_bed":42,"minecraft:damage_dealt":124718,"minecraft:interact_with_smoker":28,"minecraft:inspect_dispenser":19,"minecraft:horse_one_cm":1059,"minecraft:interact_with_smithing_table":33,"minecraft:interact_with_anvil":95,"minecraft:inspect_hopper":308,"minecraft:sneak_time":545143,"minecraft:interact_with_blast_furnace":21,"minecraft:total_world_time":3223233,"minecraft:interact_with_stonecutter":16,"minecraft:time_since_rest":47724,"minecraft:swim_one_cm":309061,"minecraft:fly_one_cm":9961788,"minecraft:open_chest":2359,"minecraft:fall_one_cm":709514,"minecraft:open_shulker_box":323,"minecraft:sprint_one_cm":4956377,"minecraft:drop":1547,"minecraft:talked_to_villager":2085,"minecraft:interact_with_brewingstand":2,"minecraft:walk_on_water_one_cm":385680,"minecraft:interact_with_loom":3,"minecraft:open_enderchest":310,"minecraft:player_kills":10,"minecraft:crouch_one_cm":2412278,"minecraft:mob_kills":22273,"minecraft:climb_one_cm":439201,"minecraft:walk_one_cm":6843372,"minecraft:raid_win":2,"minecraft:walk_under_water_one_cm":145080,"minecraft:boat_one_cm":587607,"minecraft:interact_with_grindstone":10,"minecraft:damage_taken":36227,"minecraft:damage_absorbed":20,"minecraft:minecart_one_cm":11202,"minecraft:aviate_one_cm":41744123},"minecraft:mined":{"minecraft:dark_oak_planks":2,"minecraft:dragon_wall_head":4,"minecraft:red_shulker_box":3,"minecraft:white_bed":4,"minecraft:jungle_leaves":48,"minecraft:obsidian":168,"minecraft:granite":31,"minecraft:chiseled_polished_blackstone":1,"minecraft:acacia_log":14,"minecraft:jungle_log":758,"minecraft:lime_stained_glass":4,"minecraft:hopper":2,"minecraft:crimson_fungus":1,"minecraft:spawner":3,"minecraft:polished_blackstone_bricks":222,"minecraft:weeping_vines_plant":7,"minecraft:magma_block":156,"minecraft:fire":5,"minecraft:sticky_piston":3,"minecraft:barrel":1,"minecraft:moss_carpet":10,"minecraft:fletching_table":10,"minecraft:deepslate_lapis_ore":15,"minecraft:cave_vines":4,"minecraft:dirt_path":2,"minecraft:smooth_sandstone_stairs":83,"minecraft:tripwire":6,"minecraft:jungle_trapdoor":4,"minecraft:sandstone_slab":5,"minecraft:cut_sandstone":245,"minecraft:smoker":3,"minecraft:crimson_nylium":29,"minecraft:soul_fire":13,"minecraft:torch":53,"minecraft:melon":2,"minecraft:dead_bush":7,"minecraft:spruce_wall_sign":7,"minecraft:glass":4,"minecraft:cyan_bed":1,"minecraft:sugar_cane":426,"minecraft:smooth_sandstone_slab":62,"minecraft:spruce_sign":2,"minecraft:amethyst_block":12,"minecraft:repeater":76,"minecraft:wheat":11,"minecraft:stone_brick_stairs":1,"minecraft:grass":420,"minecraft:sandstone_wall":45,"minecraft:smooth_basalt":3,"minecraft:blue_shulker_box":6,"minecraft:stonecutter":3,"minecraft:deepslate":891,"minecraft:mossy_cobblestone":27,"minecraft:dark_oak_log":1,"minecraft:shulker_box":143,"minecraft:end_stone":283,"minecraft:nether_bricks":30,"minecraft:spruce_fence":43,"minecraft:crimson_roots":3,"minecraft:redstone_wire":14,"minecraft:moss_block":49,"minecraft:cartography_table":1,"minecraft:redstone_ore":11,"minecraft:jungle_sapling":12,"minecraft:andesite":50,"minecraft:cobblestone_slab":118,"minecraft:vine":82,"minecraft:rail":241,"minecraft:bamboo":7,"minecraft:bone_block":35,"minecraft:smithing_table":1,"minecraft:comparator":6,"minecraft:stone_brick_slab":4,"minecraft:dandelion":7,"minecraft:smooth_sandstone":678,"minecraft:cornflower":3,"minecraft:tall_grass":40,"minecraft:copper_ore":89,"minecraft:deepslate_gold_ore":14,"minecraft:diorite":23,"minecraft:warped_wart_block":1,"minecraft:cobblestone_wall":2,"minecraft:spruce_log":3013,"minecraft:birch_leaves":3,"minecraft:jungle_fence":3,"minecraft:gravel":990,"minecraft:cobweb":30,"minecraft:spruce_fence_gate":4,"minecraft:stone_bricks":7,"minecraft:gold_ore":6,"minecraft:fern":47,"minecraft:spruce_planks":53,"minecraft:farmland":463,"minecraft:potted_cactus":1,"minecraft:spruce_trapdoor":8,"minecraft:cave_vines_plant":2,"minecraft:budding_amethyst":2,"minecraft:grass_block":10524,"minecraft:cracked_polished_blackstone_bricks":135,"minecraft:polished_blackstone_brick_slab":2,"minecraft:composter":3,"minecraft:sculk_catalyst":1,"minecraft:iron_ore":176,"minecraft:azure_bluet":1,"minecraft:iron_bars":16,"minecraft:potted_cornflower":1,"minecraft:azalea":1,"minecraft:end_stone_bricks":5,"minecraft:spruce_slab":12,"minecraft:green_bed":5,"minecraft:deepslate_redstone_ore":25,"minecraft:jungle_door":5,"minecraft:quartz_block":1,"minecraft:blackstone":230,"minecraft:purpur_stairs":3,"minecraft:clay":75,"minecraft:calcite":7,"minecraft:chest":22,"minecraft:nether_quartz_ore":506,"minecraft:cobblestone":152,"minecraft:grindstone":1,"minecraft:oak_planks":15,"minecraft:wall_torch":2,"minecraft:powered_rail":8,"minecraft:nether_wart_block":24,"minecraft:tnt":5,"minecraft:purpur_block":127,"minecraft:smooth_stone_slab":6,"minecraft:oak_log":14,"minecraft:beetroots":1,"minecraft:sand":1426,"minecraft:dirt":9878,"minecraft:crimson_planks":2,"minecraft:tripwire_hook":1,"minecraft:dispenser":2,"minecraft:netherrack":13111,"minecraft:ancient_debris":55,"minecraft:oak_leaves":4,"minecraft:emerald_block":39,"minecraft:nether_gold_ore":73,"minecraft:diamond_ore":8,"minecraft:crying_obsidian":7,"minecraft:tuff":112,"minecraft:deepslate_diamond_ore":31,"minecraft:lever":5,"minecraft:weeping_vines":6,"minecraft:spruce_leaves":47,"minecraft:sandstone":833,"minecraft:crimson_stem":50,"minecraft:hay_block":68,"minecraft:spruce_sapling":38,"minecraft:carrots":82,"minecraft:polished_basalt":4,"minecraft:chiseled_sandstone":1,"minecraft:gold_block":62,"minecraft:nether_brick_fence":5,"minecraft:bookshelf":20,"minecraft:deepslate_iron_ore":127,"minecraft:shroomlight":5,"minecraft:stone":9024,"minecraft:yellow_shulker_box":34,"minecraft:jungle_fence_gate":2,"minecraft:podzol":810,"minecraft:acacia_leaves":3,"minecraft:scaffolding":240,"minecraft:flowering_azalea":1,"minecraft:magenta_stained_glass":1,"minecraft:infested_stone_bricks":1,"minecraft:basalt":105,"minecraft:crafting_table":12,"minecraft:sculk_sensor":1,"minecraft:lectern":723,"minecraft:lapis_ore":12,"minecraft:polished_blackstone_brick_stairs":9,"minecraft:spruce_stairs":16,"minecraft:lime_bed":1,"minecraft:birch_planks":1,"minecraft:cactus":3,"minecraft:polished_blackstone_slab":2,"minecraft:ice":121,"minecraft:white_wall_banner":1,"minecraft:bee_nest":1,"minecraft:coal_ore":106,"minecraft:end_rod":3,"minecraft:terracotta":42},"minecraft:dropped":{"minecraft:iron_sword":1,"minecraft:porkchop":3,"minecraft:cooked_beef":7,"minecraft:glass_bottle":3,"minecraft:crafting_table":1,"minecraft:crossbow":4,"minecraft:elytra":2,"minecraft:rail":98,"minecraft:emerald":54,"minecraft:dirt":2455,"minecraft:snout_armor_trim_smithing_template":2,"minecraft:jungle_sapling":2,"minecraft:gold_nugget":59,"minecraft:bone_meal":911,"minecraft:phantom_membrane":9,"minecraft:sand":679,"minecraft:sugar":10,"minecraft:white_wool":5,"minecraft:bone":3281,"minecraft:stone_axe":17,"minecraft:emerald_block":74,"minecraft:sugar_cane":54,"minecraft:cobbled_deepslate":12,"minecraft:netherite_sword":1,"minecraft:wheat":163,"minecraft:rotten_flesh":3112,"minecraft:oak_planks":9,"minecraft:netherite_shovel":1,"minecraft:glowstone_dust":4,"minecraft:jungle_trapdoor":7,"minecraft:azure_bluet":1,"minecraft:jungle_log":7,"minecraft:painting":2,"minecraft:glass":4,"minecraft:beef":4,"minecraft:crying_obsidian":2,"minecraft:ghast_tear":1,"minecraft:stone_brick_stairs":1,"minecraft:lectern":2,"minecraft:egg":2,"minecraft:crimson_planks":1,"minecraft:enchanted_book":5,"minecraft:golden_boots":1,"minecraft:iron_ingot":63,"minecraft:netherite_pickaxe":2,"minecraft:wheat_seeds":619,"minecraft:tnt":66,"minecraft:dripstone_block":1,"minecraft:iron_helmet":3,"minecraft:feather":47,"minecraft:cobblestone":1909,"minecraft:book":9,"minecraft:apple":4,"minecraft:granite":13,"minecraft:golden_apple":2,"minecraft:oxeye_daisy":1,"minecraft:golden_carrot":3,"minecraft:diamond_helmet":1,"minecraft:smooth_sandstone_slab":33,"minecraft:smooth_sandstone":144,"minecraft:chainmail_leggings":23,"minecraft:paper":9,"minecraft:string":5406,"minecraft:acacia_planks":4,"minecraft:spruce_sapling":10,"minecraft:stone_brick_slab":1,"minecraft:furnace":1,"minecraft:netherite_hoe":2,"minecraft:netherite_ingot":4,"minecraft:stone_shovel":1,"minecraft:iron_boots":12,"minecraft:stone_slab":216,"minecraft:spruce_fence":118,"minecraft:shears":1,"minecraft:diamond_sword":5,"minecraft:cobblestone_slab":152,"minecraft:hay_block":31,"minecraft:shroomlight":4,"minecraft:stone":6,"minecraft:flower_pot":1,"minecraft:spruce_planks":5,"minecraft:diamond_pickaxe":2,"minecraft:spider_eye":30,"minecraft:bamboo":18,"minecraft:sandstone":136,"minecraft:bow":46,"minecraft:magma_block":55,"minecraft:spruce_sign":4,"minecraft:acacia_boat":1,"minecraft:moss_block":3,"minecraft:birch_planks":29,"minecraft:diamond_axe":3,"minecraft:oak_log":8,"minecraft:baked_potato":1,"minecraft:ender_pearl":1116,"minecraft:jungle_fence":3,"minecraft:netherite_upgrade_smithing_template":6,"minecraft:leather":143,"minecraft:jungle_planks":64,"minecraft:flint":66,"minecraft:cracked_polished_blackstone_bricks":9,"minecraft:dark_oak_log":1,"minecraft:dispenser":1,"minecraft:cornflower":3,"minecraft:cut_sandstone":47,"minecraft:polished_blackstone_bricks":4,"minecraft:gold_ingot":33,"minecraft:gravel":3,"minecraft:purpur_block":23,"minecraft:blackstone":52,"minecraft:mangrove_roots":11,"minecraft:smooth_sandstone_stairs":28,"minecraft:pointed_dripstone":2,"minecraft:diamond_shovel":2,"minecraft:carrot":6,"minecraft:chainmail_chestplate":14,"minecraft:sandstone_wall":3,"minecraft:poppy":2,"minecraft:gunpowder":8,"minecraft:melon_seeds":4,"minecraft:chest":1,"minecraft:basalt":64,"minecraft:arrow":6070,"minecraft:powered_rail":7,"minecraft:scaffolding":131,"minecraft:quartz":176,"minecraft:netherrack":3998,"minecraft:firework_rocket":600,"minecraft:bread":78,"minecraft:minecart":4,"minecraft:diamond_leggings":1,"minecraft:netherite_axe":3,"minecraft:stick":132,"minecraft:diorite":1,"minecraft:torch":55,"minecraft:nether_wart_block":1,"minecraft:melon_slice":9,"minecraft:jungle_door":3,"minecraft:iron_leggings":1,"minecraft:iron_axe":1,"minecraft:cactus":1,"minecraft:tripwire_hook":3,"minecraft:dandelion":28,"minecraft:redstone":1,"minecraft:raw_copper":67,"minecraft:composter":1,"minecraft:raw_iron":1,"minecraft:iron_hoe":1,"minecraft:flint_and_steel":2,"minecraft:shield":4,"minecraft:diamond_chestplate":1,"minecraft:dragon_egg":1,"minecraft:iron_chestplate":3,"minecraft:andesite":7,"minecraft:oak_boat":2,"minecraft:golden_leggings":2,"minecraft:oak_sapling":1,"minecraft:golden_sword":73,"minecraft:diamond_boots":2,"minecraft:spruce_log":41,"minecraft:stone_pickaxe":14,"minecraft:wooden_pickaxe":1,"minecraft:magma_cream":4},"minecraft:killed_by":{"minecraft:creeper":1,"minecraft:drowned":1,"minecraft:player":2,"minecraft:skeleton":3},"minecraft:killed":{"minecraft:cave_spider":6,"minecraft:shulker":20,"minecraft:skeleton":90,"minecraft:chicken":2,"minecraft:magma_cube":31,"minecraft:iron_golem":1,"minecraft:pillager":5,"minecraft:zombie":95,"minecraft:cow":67,"minecraft:vindicator":4,"minecraft:husk":14,"minecraft:wandering_trader":2,"minecraft:enderman":5775,"minecraft:zombified_piglin":16,"minecraft:witch":10,"minecraft:spider":31,"minecraft:piglin_brute":24,"minecraft:piglin":64,"minecraft:zombie_villager":1,"minecraft:creeper":16,"minecraft:sheep":11,"minecraft:trader_llama":4,"minecraft:ghast":4,"minecraft:blaze":2,"minecraft:phantom":49,"minecraft:drowned":2,"minecraft:hoglin":9,"minecraft:wither_skeleton":12,"minecraft:villager":5},"minecraft:broken":{"minecraft:iron_axe":6,"minecraft:iron_pickaxe":5,"minecraft:stone_axe":2,"minecraft:flint_and_steel":1},"minecraft:picked_up":{"minecraft:iron_chestplate":7,"minecraft:flower_pot":3,"minecraft:lead":2,"minecraft:smithing_table":1,"minecraft:stone_slab":162,"minecraft:diamond_sword":2,"minecraft:enchanted_book":5,"minecraft:golden_sword":82,"minecraft:polished_blackstone_brick_stairs":5,"minecraft:string":24508,"minecraft:shroomlight":4,"minecraft:beetroot":1,"minecraft:diamond_leggings":1,"minecraft:gold_nugget":742,"minecraft:cobbled_deepslate":222,"minecraft:spruce_planks":15,"minecraft:netherite_upgrade_smithing_template":1,"minecraft:melon_slice":14,"minecraft:composter":2,"minecraft:green_bed":4,"minecraft:acacia_log":14,"minecraft:sandstone_wall":45,"minecraft:golden_chestplate":2,"minecraft:end_rod":2,"minecraft:netherite_chestplate":6,"minecraft:iron_bars":22,"minecraft:magma_block":131,"minecraft:cooked_beef":458,"minecraft:feather":49,"minecraft:water_bucket":3,"minecraft:jungle_log":1206,"minecraft:smoker":7,"minecraft:flint":372,"minecraft:netherite_leggings":6,"minecraft:lantern":1,"minecraft:stonecutter":3,"minecraft:diamond_helmet":1,"minecraft:chiseled_polished_blackstone":1,"minecraft:dropper":10,"minecraft:dark_oak_log":1,"minecraft:iron_hoe":1,"minecraft:dispenser":12,"minecraft:snout_armor_trim_smithing_template":1,"minecraft:lever":6,"minecraft:granite":26,"minecraft:bread":371,"minecraft:diamond_pickaxe":3,"minecraft:crimson_roots":3,"minecraft:crafting_table":12,"minecraft:sandstone_slab":5,"minecraft:clay_ball":60,"minecraft:purpur_block":34,"minecraft:cornflower":5,"minecraft:jungle_trapdoor":7,"minecraft:elytra":13,"minecraft:flint_and_steel":9,"minecraft:iron_shovel":2,"minecraft:cartography_table":1,"minecraft:netherite_sword":7,"minecraft:beef":62,"minecraft:jungle_sapling":136,"minecraft:iron_nugget":8,"minecraft:poppy":2,"minecraft:spruce_slab":15,"minecraft:minecart":27,"minecraft:chest":23,"minecraft:egg":5,"minecraft:sandstone":116,"minecraft:stone":85,"minecraft:spruce_fence":120,"minecraft:jungle_fence_gate":2,"minecraft:carrot":996,"minecraft:redstone":216,"minecraft:netherite_pickaxe":8,"minecraft:tnt":9,"minecraft:stone_shovel":1,"minecraft:diamond_chestplate":1,"minecraft:beetroot_seeds":3,"minecraft:diamond_boots":2,"minecraft:hay_block":77,"minecraft:gold_ingot":35,"minecraft:totem_of_undying":1,"minecraft:mutton":2,"minecraft:white_wool":13,"minecraft:bone_block":33,"minecraft:rail":499,"minecraft:oxeye_daisy":3,"minecraft:lime_bed":1,"minecraft:yellow_shulker_box":36,"minecraft:clock":2,"minecraft:tripwire_hook":3,"minecraft:jungle_fence":3,"minecraft:filled_map":4,"minecraft:oak_log":13,"minecraft:ancient_debris":81,"minecraft:jungle_button":4,"minecraft:golden_boots":1,"minecraft:paper":27,"minecraft:white_banner":4,"minecraft:apple":4,"minecraft:stone_bricks":7,"minecraft:stone_pickaxe":10,"minecraft:glass_bottle":3,"minecraft:iron_sword":6,"minecraft:gravel":158,"minecraft:spruce_sapling":234,"minecraft:spruce_log":3953,"minecraft:crying_obsidian":3,"minecraft:dragon_egg":1,"minecraft:diamond_shovel":2,"minecraft:firework_rocket":840,"minecraft:stone_axe":15,"minecraft:diamond_axe":1,"minecraft:painting":3,"minecraft:baked_potato":1,"minecraft:melon_seeds":4,"minecraft:hopper":27,"minecraft:ender_pearl":1674,"minecraft:shulker_shell":12,"minecraft:wheat":155,"minecraft:potion":1,"minecraft:stone_brick_stairs":1,"minecraft:crimson_planks":2,"minecraft:raw_copper":116,"minecraft:smooth_stone_slab":8,"minecraft:iron_leggings":5,"minecraft:armor_stand":1,"minecraft:sticky_piston":3,"minecraft:netherite_ingot":3,"minecraft:comparator":7,"minecraft:bucket":10,"minecraft:eye_armor_trim_smithing_template":1,"minecraft:redstone_torch":2,"minecraft:cobblestone_slab":554,"minecraft:iron_pickaxe":7,"minecraft:iron_boots":8,"minecraft:tipped_arrow":3,"minecraft:stick":1625,"minecraft:jungle_door":8,"minecraft:torch":169,"minecraft:porkchop":5,"minecraft:netherite_shovel":7,"minecraft:diorite":11,"minecraft:pointed_dripstone":2,"minecraft:quartz_block":1,"minecraft:cactus":4,"minecraft:rotten_flesh":517,"minecraft:obsidian":181,"minecraft:cobblestone":4564,"minecraft:magma_cream":14,"minecraft:repeater":100,"minecraft:andesite":24,"minecraft:golden_leggings":2,"minecraft:tuff":54,"minecraft:smooth_sandstone_stairs":79,"minecraft:acacia_boat":8,"minecraft:lapis_lazuli":165,"minecraft:dirt":6559,"minecraft:glass":135,"minecraft:bone":442,"minecraft:acacia_planks":4,"minecraft:bow":39,"minecraft:wheat_seeds":577,"minecraft:raw_gold":20,"minecraft:bell":1,"minecraft:grindstone":2,"minecraft:netherite_axe":8,"minecraft:fletching_table":10,"minecraft:bamboo":118,"minecraft:powered_rail":10,"minecraft:oak_planks":18,"minecraft:cooked_porkchop":4,"minecraft:sand":980,"minecraft:jungle_planks":252,"minecraft:mossy_cobblestone":27,"minecraft:shulker_box":143,"minecraft:netherite_helmet":6,"minecraft:diamond":88,"minecraft:cracked_polished_blackstone_bricks":105,"minecraft:crossbow":4,"minecraft:bone_meal":146,"minecraft:golden_apple":4,"minecraft:spruce_sign":22,"minecraft:emerald":256,"minecraft:oak_sapling":5,"minecraft:netherrack":8689,"minecraft:end_stone_bricks":4,"minecraft:azure_bluet":2,"minecraft:chicken":3,"minecraft:wooden_pickaxe":2,"minecraft:gold_block":59,"minecraft:shield":6,"minecraft:iron_axe":11,"minecraft:item_frame":3,"minecraft:blackstone":199,"minecraft:oak_boat":7,"minecraft:observer":10,"minecraft:lectern":735,"minecraft:blue_shulker_box":6,"minecraft:sugar_cane":965,"minecraft:spruce_trapdoor":12,"minecraft:phantom_membrane":11,"minecraft:raw_iron":369,"minecraft:end_stone":271,"minecraft:polished_blackstone_bricks":156,"minecraft:stone_button":3,"minecraft:smooth_sandstone_slab":61,"minecraft:arrow":952,"minecraft:weeping_vines":9,"minecraft:red_shulker_box":3,"minecraft:saddle":1,"minecraft:glistering_melon_slice":4,"minecraft:netherite_boots":6,"minecraft:basalt":64,"minecraft:golden_carrot":307,"minecraft:crimson_stem":50,"minecraft:cut_sandstone":295,"minecraft:leather":146,"minecraft:birch_planks":30,"minecraft:crimson_fungus":1,"minecraft:chainmail_chestplate":8,"minecraft:nether_wart_block":19,"minecraft:cobbled_deepslate_stairs":2,"minecraft:gunpowder":209,"minecraft:smooth_sandstone":438,"minecraft:iron_ingot":18,"minecraft:cooked_chicken":13,"minecraft:book":239,"minecraft:scaffolding":691,"minecraft:emerald_block":49,"minecraft:stone_brick_slab":1,"minecraft:quartz":585,"minecraft:dandelion":30,"minecraft:dripstone_block":1,"minecraft:white_bed":5,"minecraft:spider_eye":20,"minecraft:chainmail_leggings":12,"minecraft:iron_helmet":6,"minecraft:terracotta":41,"minecraft:netherite_hoe":6,"minecraft:coal":75}},"DataVersion":3465}