{"stats":{"minecraft:used":{"minecraft:moss_block":17,"minecraft:beetroot":7,"minecraft:ladder":9,"minecraft:spruce_slab":72,"minecraft:poppy":6,"minecraft:chest":159,"minecraft:stone":47,"minecraft:soul_sand":2,"minecraft:jungle_slab":37,"minecraft:spruce_boat":2,"minecraft:jungle_sapling":22,"minecraft:lava_bucket":1,"minecraft:netherite_shovel":780,"minecraft:grass_block":13,"minecraft:quartz_block":172,"minecraft:stone_brick_stairs":24,"minecraft:bow":820,"minecraft:furnace":17,"minecraft:oak_sapling":2,"minecraft:egg":20,"minecraft:green_stained_glass_pane":1,"minecraft:deepslate_brick_wall":44,"minecraft:end_stone_bricks":27,"minecraft:powered_rail":47,"minecraft:wooden_pickaxe":7,"minecraft:composter":2,"minecraft:purpur_pillar":13,"minecraft:purpur_stairs":2,"minecraft:sand":316,"minecraft:cut_sandstone_slab":174,"minecraft:deepslate_brick_stairs":30,"minecraft:deepslate_tiles":1,"minecraft:chiseled_sandstone":4,"minecraft:deepslate_iron_ore":87,"minecraft:lectern":441,"minecraft:nether_wart_block":5,"minecraft:diamond_sword":2329,"minecraft:oak_trapdoor":7,"minecraft:enchanting_table":1,"minecraft:armor_stand":2,"minecraft:cooked_salmon":21,"minecraft:sandstone_wall":32,"minecraft:netherrack":500,"minecraft:torch":108,"minecraft:dragon_egg":1,"minecraft:brewing_stand":5,"minecraft:ancient_debris":1,"minecraft:anvil":4,"minecraft:wheat":15,"minecraft:nether_quartz_ore":8,"minecraft:shroomlight":15,"minecraft:spruce_button":1,"minecraft:jungle_log":1,"minecraft:totem_of_undying":1,"minecraft:barrel":2,"minecraft:melon_seeds":1,"minecraft:diamond_chestplate":2,"minecraft:goat_horn":7,"minecraft:cobbled_deepslate":159,"minecraft:observer":41,"minecraft:pointed_dripstone":1,"minecraft:calcite":2,"minecraft:wheat_seeds":127,"minecraft:water_bucket":205,"minecraft:sandstone_stairs":8,"minecraft:birch_planks":1,"minecraft:yellow_shulker_box":1,"minecraft:smooth_sandstone_slab":110,"minecraft:cauldron":2,"minecraft:deepslate_bricks":23,"minecraft:fletching_table":4,"minecraft:spruce_fence_gate":8,"minecraft:gold_ore":2,"minecraft:polished_blackstone_bricks":69,"minecraft:salmon":1,"minecraft:rail":774,"minecraft:vine":9,"minecraft:tnt":1,"minecraft:crafting_table":37,"minecraft:white_bed":19,"minecraft:spruce_log":278,"minecraft:deepslate_tile_wall":12,"minecraft:diamond_pickaxe":8504,"minecraft:cornflower":1,"minecraft:diamond_shovel":8971,"minecraft:iron_pickaxe":826,"minecraft:spruce_pressure_plate":6,"minecraft:spruce_trapdoor":49,"minecraft:spruce_sapling":122,"minecraft:green_carpet":4,"minecraft:cobblestone":379,"minecraft:cooked_porkchop":1,"minecraft:sandstone_slab":275,"minecraft:glass_pane":24,"minecraft:diamond_leggings":1,"minecraft:green_stained_glass":9,"minecraft:shield":57,"minecraft:iron_sword":50,"minecraft:bell":6,"minecraft:smooth_sandstone_stairs":115,"minecraft:jungle_planks":1,"minecraft:carrot":655,"minecraft:tuff":5,"minecraft:obsidian":10,"minecraft:milk_bucket":1,"minecraft:glass":351,"minecraft:lantern":42,"minecraft:stone_bricks":797,"minecraft:item_frame":77,"minecraft:deepslate_diamond_ore":13,"minecraft:scaffolding":136,"minecraft:blue_shulker_box":66,"minecraft:beetroot_seeds":15,"minecraft:gold_block":1,"minecraft:end_rod":3,"minecraft:stone_pickaxe":984,"minecraft:jungle_fence":6,"minecraft:oak_planks":1,"minecraft:ender_pearl":30,"minecraft:sandstone":263,"minecraft:diamond_axe":3421,"minecraft:sugar_cane":22,"minecraft:white_wool":4,"minecraft:netherite_leggings":2,"minecraft:loom":1,"minecraft:deepslate_redstone_ore":63,"minecraft:crossbow":3,"minecraft:stone_brick_wall":74,"minecraft:dripstone_block":2,"minecraft:deepslate_lapis_ore":27,"minecraft:end_stone":206,"minecraft:cobbled_deepslate_stairs":48,"minecraft:redstone_torch":16,"minecraft:lever":2,"minecraft:firework_rocket":384,"minecraft:bread":138,"minecraft:string":10,"minecraft:deepslate":22,"minecraft:andesite":7,"minecraft:smooth_stone_slab":22,"minecraft:bone_meal":557,"minecraft:golden_pickaxe":32,"minecraft:experience_bottle":2,"minecraft:purpur_block":7,"minecraft:netherite_sword":1470,"minecraft:flint_and_steel":2,"minecraft:stone_shovel":630,"minecraft:redstone":73,"minecraft:spruce_planks":721,"minecraft:deepslate_gold_ore":35,"minecraft:stone_hoe":122,"minecraft:cooked_chicken":16,"minecraft:dirt":1853,"minecraft:white_carpet":10,"minecraft:hopper":6,"minecraft:spruce_stairs":56,"minecraft:cobblestone_wall":16,"minecraft:diamond_helmet":2,"minecraft:shulker_box":10,"minecraft:bee_nest":1,"minecraft:spruce_fence":91,"minecraft:stone_brick_slab":43,"minecraft:bookshelf":16,"minecraft:smooth_sandstone":201,"minecraft:iron_boots":1,"minecraft:crimson_planks":1,"minecraft:light_gray_wool":3,"minecraft:golden_carrot":100,"minecraft:lime_stained_glass":49,"minecraft:deepslate_tile_stairs":4,"minecraft:minecart":69,"minecraft:netherite_pickaxe":18341,"minecraft:cooked_beef":248,"minecraft:cobbled_deepslate_wall":2,"minecraft:cooked_mutton":17,"minecraft:lodestone":4,"minecraft:netherite_chestplate":2,"minecraft:cut_sandstone":428,"minecraft:spruce_sign":7,"minecraft:stonecutter":17,"minecraft:green_bed":10,"minecraft:cobblestone_slab":14,"minecraft:terracotta":1,"minecraft:lime_bed":2,"minecraft:painting":61,"minecraft:smoker":6,"minecraft:piston":43,"minecraft:flower_pot":7,"minecraft:stone_axe":124,"minecraft:magenta_banner":1,"minecraft:white_banner":18,"minecraft:jungle_door":9,"minecraft:bucket":207,"minecraft:pumpkin_pie":4,"minecraft:sea_pickle":1,"minecraft:gray_wool":3},"minecraft:crafted":{"minecraft:smooth_stone":14,"minecraft:cut_sandstone":320,"minecraft:cut_sandstone_slab":14,"minecraft:lever":1,"minecraft:diamond_shovel":2,"minecraft:bookshelf":5,"minecraft:cooked_mutton":65,"minecraft:shulker_box":14,"minecraft:deepslate_brick_stairs":17,"minecraft:quartz_block":170,"minecraft:glass":269,"minecraft:diamond_helmet":3,"minecraft:diamond_leggings":1,"minecraft:netherite_boots":1,"minecraft:cooked_rabbit":1,"minecraft:emerald":516,"minecraft:cooked_porkchop":72,"minecraft:diamond_axe":1,"minecraft:cobbled_deepslate_wall":2,"minecraft:stone_brick_stairs":7,"minecraft:lectern":4,"minecraft:stone_slab":6,"minecraft:iron_pickaxe":3,"minecraft:iron_block":7,"minecraft:gold_ingot":16,"minecraft:netherite_ingot":7,"minecraft:spruce_fence_gate":4,"minecraft:polished_blackstone_bricks":12,"minecraft:stone_shovel":3,"minecraft:smooth_stone_slab":6,"minecraft:iron_nugget":1,"minecraft:bone_meal":585,"minecraft:spruce_fence":30,"minecraft:white_carpet":9,"minecraft:lantern":7,"minecraft:spruce_stairs":28,"minecraft:deepslate_brick_wall":29,"minecraft:ladder":9,"minecraft:spruce_slab":84,"minecraft:stone_pickaxe":4,"minecraft:diamond_boots":2,"minecraft:cobbled_deepslate_stairs":32,"minecraft:deepslate_tile_wall":12,"minecraft:redstone_block":20,"minecraft:jungle_fence":6,"minecraft:dark_oak_planks":8,"minecraft:wheat":36,"minecraft:netherite_pickaxe":1,"minecraft:sandstone_slab":248,"minecraft:deepslate_tiles":1,"minecraft:glowstone":2,"minecraft:enchanted_book":33,"minecraft:jungle_slab":48,"minecraft:iron_leggings":1,"minecraft:deepslate_tile_stairs":3,"minecraft:armor_stand":1,"minecraft:white_bed":11,"minecraft:oak_planks":48,"minecraft:cobblestone_slab":6,"minecraft:barrel":1,"minecraft:cooked_chicken":39,"minecraft:stone":6,"minecraft:snow":6,"minecraft:spruce_pressure_plate":4,"minecraft:green_dye":1,"minecraft:hopper":3,"minecraft:stone_brick_slab":24,"minecraft:bow":6,"minecraft:iron_boots":1,"minecraft:chest":147,"minecraft:netherite_helmet":1,"minecraft:netherite_upgrade_smithing_template":12,"minecraft:rail":32,"minecraft:stone_hoe":1,"minecraft:stone_bricks":6,"minecraft:item_frame":57,"minecraft:arrow":368,"minecraft:crafting_table":10,"minecraft:spruce_planks":5740,"minecraft:wooden_pickaxe":1,"minecraft:gold_block":1,"minecraft:birch_planks":68,"minecraft:spruce_trapdoor":28,"minecraft:book":34,"minecraft:paper":195,"minecraft:diamond_pickaxe":1,"minecraft:shield":1,"minecraft:stick":9718,"minecraft:iron_ingot":193,"minecraft:snow_block":35,"minecraft:redstone_torch":8,"minecraft:deepslate_bricks":8,"minecraft:sandstone_stairs":4,"minecraft:redstone":135,"minecraft:stone_brick_wall":3,"minecraft:netherite_sword":1,"minecraft:spruce_button":1,"minecraft:furnace":11,"minecraft:piston":64,"minecraft:oak_trapdoor":2,"minecraft:glass_pane":32,"minecraft:flint_and_steel":1,"minecraft:scaffolding":24,"minecraft:netherite_chestplate":2,"minecraft:netherite_leggings":2,"minecraft:cobblestone_wall":6,"minecraft:chiseled_sandstone":2,"minecraft:netherite_scrap":28,"minecraft:minecart":9,"minecraft:observer":32,"minecraft:cooked_beef":161,"minecraft:sugar":4,"minecraft:smooth_sandstone_stairs":38,"minecraft:diamond_sword":1,"minecraft:spruce_sign":3,"minecraft:powered_rail":12,"minecraft:iron_sword":1,"minecraft:cooked_salmon":22,"minecraft:bucket":2,"minecraft:stone_axe":2,"minecraft:air":0,"minecraft:bread":36,"minecraft:jungle_planks":1376,"minecraft:smooth_sandstone_slab":34,"minecraft:stonecutter":1,"minecraft:anvil":2,"minecraft:pumpkin_pie":4,"minecraft:acacia_planks":44,"minecraft:lapis_block":34,"minecraft:diamond_chestplate":1,"minecraft:firework_rocket":192},"minecraft:custom":{"minecraft:interact_with_crafting_table":222,"minecraft:open_barrel":1,"minecraft:bell_ring":67,"minecraft:leave_game":34,"minecraft:time_since_death":2036241,"minecraft:damage_blocked_by_shield":2822,"minecraft:play_time":2355762,"minecraft:deaths":2,"minecraft:jump":35320,"minecraft:interact_with_furnace":189,"minecraft:traded_with_villager":505,"minecraft:sleep_in_bed":27,"minecraft:damage_dealt":264983,"minecraft:interact_with_smoker":82,"minecraft:use_cauldron":1,"minecraft:horse_one_cm":196490,"minecraft:interact_with_smithing_table":15,"minecraft:interact_with_anvil":76,"minecraft:inspect_hopper":4,"minecraft:sneak_time":180070,"minecraft:interact_with_blast_furnace":2,"minecraft:total_world_time":2355762,"minecraft:interact_with_stonecutter":85,"minecraft:time_since_rest":117130,"minecraft:swim_one_cm":219965,"minecraft:fly_one_cm":8995025,"minecraft:open_chest":3264,"minecraft:fall_one_cm":709506,"minecraft:animals_bred":29,"minecraft:open_shulker_box":225,"minecraft:sprint_one_cm":6316480,"minecraft:drop":1181,"minecraft:talked_to_villager":1138,"minecraft:interact_with_brewingstand":2,"minecraft:walk_on_water_one_cm":221775,"minecraft:open_enderchest":38,"minecraft:player_kills":5,"minecraft:crouch_one_cm":701638,"minecraft:mob_kills":4691,"minecraft:climb_one_cm":127065,"minecraft:walk_one_cm":8150133,"minecraft:raid_win":4,"minecraft:walk_under_water_one_cm":97052,"minecraft:boat_one_cm":118874,"minecraft:raid_trigger":2,"minecraft:pot_flower":5,"minecraft:interact_with_grindstone":4,"minecraft:damage_taken":28582,"minecraft:minecart_one_cm":32735,"minecraft:aviate_one_cm":13157326},"minecraft:mined":{"minecraft:cut_sandstone_slab":48,"minecraft:white_bed":7,"minecraft:fire_coral_wall_fan":1,"minecraft:jungle_leaves":84,"minecraft:obsidian":45,"minecraft:potted_dead_bush":2,"minecraft:granite":8,"minecraft:chiseled_polished_blackstone":1,"minecraft:acacia_log":16,"minecraft:stone_brick_wall":2,"minecraft:jungle_log":367,"minecraft:deepslate_bricks":2,"minecraft:deepslate_tile_stairs":1,"minecraft:lime_stained_glass":19,"minecraft:hopper":2,"minecraft:nether_wart":2,"minecraft:spawner":3,"minecraft:polished_blackstone_bricks":51,"minecraft:weeping_vines_plant":2,"minecraft:barrel":1,"minecraft:cobbled_deepslate":49,"minecraft:fire":10,"minecraft:pumpkin":23,"minecraft:deepslate_lapis_ore":71,"minecraft:fletching_table":8,"minecraft:enchanting_table":1,"minecraft:dirt_path":1,"minecraft:spruce_pressure_plate":2,"minecraft:deepslate_brick_stairs":6,"minecraft:green_carpet":4,"minecraft:smooth_sandstone_stairs":141,"minecraft:white_banner":1,"minecraft:tripwire":15,"minecraft:sandstone_slab":41,"minecraft:cut_sandstone":343,"minecraft:deepslate_brick_wall":15,"minecraft:smoker":3,"minecraft:crimson_nylium":8,"minecraft:torch":25,"minecraft:melon":1,"minecraft:dead_bush":4,"minecraft:spruce_wall_sign":2,"minecraft:smooth_quartz_slab":1,"minecraft:glass":147,"minecraft:sugar_cane":113,"minecraft:smooth_sandstone_slab":211,"minecraft:wheat":109,"minecraft:lilac":1,"minecraft:stone_brick_stairs":7,"minecraft:grass":325,"minecraft:loom":1,"minecraft:sandstone_wall":36,"minecraft:blue_shulker_box":67,"minecraft:stonecutter":15,"minecraft:piston":11,"minecraft:deepslate":1047,"minecraft:end_stone":207,"minecraft:shulker_box":6,"minecraft:nether_bricks":4,"minecraft:spruce_fence":57,"minecraft:redstone_wire":9,"minecraft:moss_block":15,"minecraft:horn_coral":1,"minecraft:jungle_sapling":12,"minecraft:snow":262,"minecraft:andesite":181,"minecraft:white_glazed_terracotta":8,"minecraft:cobblestone_slab":12,"minecraft:vine":143,"minecraft:rail":606,"minecraft:bone_block":96,"minecraft:white_wool":3,"minecraft:glass_pane":4,"minecraft:soul_sand":7,"minecraft:stone_brick_slab":16,"minecraft:observer":20,"minecraft:dandelion":1,"minecraft:smooth_sandstone":791,"minecraft:cornflower":1,"minecraft:spruce_button":1,"minecraft:lightning_rod":1,"minecraft:purpur_pillar":25,"minecraft:copper_ore":59,"minecraft:tall_grass":49,"minecraft:deepslate_gold_ore":119,"minecraft:green_stained_glass_pane":1,"minecraft:diorite":147,"minecraft:cobblestone_wall":8,"minecraft:white_carpet":68,"minecraft:spruce_log":1682,"minecraft:birch_leaves":3,"minecraft:jungle_fence":1,"minecraft:gravel":577,"minecraft:dripstone_block":7,"minecraft:spruce_fence_gate":4,"minecraft:stone_bricks":106,"minecraft:gold_ore":4,"minecraft:fern":2,"minecraft:spruce_planks":201,"minecraft:farmland":10,"minecraft:cobbled_deepslate_stairs":17,"minecraft:jungle_slab":6,"minecraft:potted_cactus":9,"minecraft:brewing_stand":9,"minecraft:spruce_trapdoor":18,"minecraft:grass_block":3959,"minecraft:cracked_polished_blackstone_bricks":2,"minecraft:composter":2,"minecraft:sandstone_stairs":4,"minecraft:glowstone":7,"minecraft:iron_ore":45,"minecraft:anvil":2,"minecraft:green_stained_glass":9,"minecraft:pointed_dripstone":2,"minecraft:end_stone_bricks":52,"minecraft:brain_coral_block":4,"minecraft:spruce_slab":5,"minecraft:green_bed":9,"minecraft:deepslate_redstone_ore":150,"minecraft:jungle_door":11,"minecraft:quartz_block":12,"minecraft:blackstone":219,"minecraft:magenta_wall_banner":5,"minecraft:melon_stem":1,"minecraft:purpur_stairs":2,"minecraft:calcite":4,"minecraft:chest":29,"minecraft:nether_quartz_ore":163,"minecraft:cobblestone":178,"minecraft:oak_planks":17,"minecraft:wall_torch":49,"minecraft:cauldron":1,"minecraft:seagrass":1,"minecraft:powered_rail":22,"minecraft:nether_wart_block":11,"minecraft:birch_log":17,"minecraft:tnt":1,"minecraft:purpur_block":43,"minecraft:smooth_stone_slab":14,"minecraft:oak_log":22,"minecraft:beetroots":6,"minecraft:sand":924,"minecraft:dirt":4868,"minecraft:crimson_planks":1,"minecraft:ancient_debris":28,"minecraft:netherrack":12527,"minecraft:oak_leaves":9,"minecraft:emerald_block":2,"minecraft:nether_gold_ore":23,"minecraft:tuff":42,"minecraft:deepslate_diamond_ore":51,"minecraft:weeping_vines":3,"minecraft:spruce_leaves":65,"minecraft:sandstone":1057,"minecraft:oak_trapdoor":1,"minecraft:spruce_sapling":22,"minecraft:furnace":6,"minecraft:carrots":570,"minecraft:chiseled_sandstone":3,"minecraft:stripped_spruce_log":6,"minecraft:gold_block":17,"minecraft:bell":5,"minecraft:bookshelf":17,"minecraft:shroomlight":17,"minecraft:deepslate_iron_ore":219,"minecraft:lantern":22,"minecraft:stone":8414,"minecraft:yellow_shulker_box":1,"minecraft:podzol":84,"minecraft:scaffolding":98,"minecraft:magenta_stained_glass":8,"minecraft:basalt":66,"minecraft:crafting_table":27,"minecraft:lectern":438,"minecraft:polished_blackstone_brick_stairs":4,"minecraft:spruce_stairs":28,"minecraft:lime_bed":1,"minecraft:sea_pickle":7,"minecraft:redstone_torch":7,"minecraft:white_wall_banner":4,"minecraft:bee_nest":1,"minecraft:coal_ore":232,"minecraft:end_rod":22,"minecraft:flower_pot":2,"minecraft:lodestone":3,"minecraft:cracked_stone_bricks":2,"minecraft:terracotta":107,"minecraft:mossy_stone_bricks":7},"minecraft:dropped":{"minecraft:iron_sword":9,"minecraft:piston":24,"minecraft:porkchop":10,"minecraft:lapis_lazuli":44,"minecraft:cooked_beef":52,"minecraft:glass_bottle":9,"minecraft:diamond":6,"minecraft:lime_stained_glass":4,"minecraft:cooked_porkchop":13,"minecraft:crossbow":24,"minecraft:weeping_vines":10,"minecraft:cracked_stone_bricks":2,"minecraft:saddle":2,"minecraft:elytra":3,"minecraft:rail":102,"minecraft:cut_sandstone_slab":5,"minecraft:emerald":364,"minecraft:gold_block":20,"minecraft:dirt":893,"minecraft:stone_button":2,"minecraft:jungle_sapling":6,"minecraft:gold_nugget":210,"minecraft:bone_meal":3,"minecraft:phantom_membrane":26,"minecraft:sand":66,"minecraft:sugar":6,"minecraft:iron_pickaxe":5,"minecraft:green_stained_glass_pane":64,"minecraft:white_wool":7,"minecraft:bone":75,"minecraft:stone_axe":6,"minecraft:emerald_block":1,"minecraft:goat_horn":1,"minecraft:sugar_cane":3,"minecraft:ancient_debris":5,"minecraft:iron_nugget":6,"minecraft:cooked_chicken":23,"minecraft:golden_chestplate":3,"minecraft:cobbled_deepslate":2,"minecraft:wheat":15,"minecraft:obsidian":64,"minecraft:rotten_flesh":338,"minecraft:oak_planks":16,"minecraft:enchanted_golden_apple":4,"minecraft:netherite_shovel":1,"minecraft:end_stone":65,"minecraft:quartz_block":10,"minecraft:jungle_log":52,"minecraft:acacia_sapling":3,"minecraft:ladder":2,"minecraft:painting":1,"minecraft:spruce_slab":8,"minecraft:end_stone_bricks":24,"minecraft:glass":149,"minecraft:beef":3,"minecraft:white_glazed_terracotta":8,"minecraft:green_stained_glass":24,"minecraft:lectern":1,"minecraft:egg":35,"minecraft:enchanted_book":7,"minecraft:golden_boots":2,"minecraft:iron_ingot":109,"minecraft:netherite_pickaxe":1,"minecraft:wheat_seeds":155,"minecraft:cobbled_deepslate_stairs":4,"minecraft:dripstone_block":4,"minecraft:iron_helmet":1,"minecraft:feather":52,"minecraft:cobblestone":2389,"minecraft:book":28,"minecraft:granite":6,"minecraft:spruce_button":2,"minecraft:coal":5,"minecraft:pufferfish":1,"minecraft:end_rod":25,"minecraft:oxeye_daisy":1,"minecraft:jungle_slab":5,"minecraft:golden_carrot":42,"minecraft:cooked_salmon":1,"minecraft:diamond_helmet":2,"minecraft:potion":7,"minecraft:dead_bush":2,"minecraft:smooth_sandstone_slab":234,"minecraft:white_banner":2,"minecraft:iron_shovel":1,"minecraft:paper":36,"minecraft:string":314,"minecraft:smooth_sandstone":59,"minecraft:spruce_sapling":9,"minecraft:snow_block":34,"minecraft:purpur_pillar":22,"minecraft:furnace":1,"minecraft:cobblestone_wall":1,"minecraft:green_bed":1,"minecraft:stone_shovel":3,"minecraft:chicken":27,"minecraft:white_carpet":1,"minecraft:iron_boots":1,"minecraft:name_tag":4,"minecraft:spruce_fence":10,"minecraft:nether_bricks":4,"minecraft:lightning_rod":1,"minecraft:diamond_sword":3,"minecraft:cobblestone_slab":6,"minecraft:shroomlight":10,"minecraft:stone":65,"minecraft:flower_pot":1,"minecraft:spruce_trapdoor":3,"minecraft:spruce_planks":42,"minecraft:diamond_pickaxe":9,"minecraft:spider_eye":29,"minecraft:stone_bricks":206,"minecraft:bamboo":145,"minecraft:sandstone":122,"minecraft:bow":11,"minecraft:magma_block":2317,"minecraft:cooked_rabbit":1,"minecraft:terracotta":96,"minecraft:spruce_sign":1,"minecraft:blue_shulker_box":1,"minecraft:crimson_nylium":5,"minecraft:moss_block":2,"minecraft:oak_log":4,"minecraft:baked_potato":1,"minecraft:ender_pearl":1098,"minecraft:jungle_fence":4,"minecraft:sandstone_slab":13,"minecraft:netherite_upgrade_smithing_template":2,"minecraft:lantern":1,"minecraft:leather":112,"minecraft:jungle_planks":162,"minecraft:iron_horse_armor":2,"minecraft:flint":50,"minecraft:music_disc_13":1,"minecraft:cracked_polished_blackstone_bricks":3,"minecraft:jungle_button":6,"minecraft:polished_blackstone_brick_stairs":4,"minecraft:crimson_roots":7,"minecraft:seagrass":2,"minecraft:cut_sandstone":9,"minecraft:snowball":17,"minecraft:polished_blackstone_bricks":5,"minecraft:gold_ingot":39,"minecraft:gravel":15,"minecraft:chiseled_polished_blackstone":1,"minecraft:purpur_block":45,"minecraft:blackstone":8,"minecraft:smooth_sandstone_stairs":93,"minecraft:pointed_dripstone":5,"minecraft:diamond_shovel":1,"minecraft:carrot":2869,"minecraft:sandstone_wall":30,"minecraft:shulker_shell":9,"minecraft:poppy":2,"minecraft:rabbit_hide":1,"minecraft:gunpowder":23,"minecraft:spruce_pressure_plate":2,"minecraft:melon_seeds":8,"minecraft:stone_brick_wall":2,"minecraft:chest":1,"minecraft:iron_ore":9,"minecraft:iron_bars":8,"minecraft:arrow":4,"minecraft:scaffolding":44,"minecraft:quartz":6,"minecraft:netherrack":517,"minecraft:firework_rocket":1,"minecraft:water_bucket":1,"minecraft:bread":119,"minecraft:golden_helmet":1,"minecraft:minecart":3,"minecraft:diamond_leggings":1,"minecraft:lead":2,"minecraft:observer":1,"minecraft:spruce_stairs":3,"minecraft:grass_block":8,"minecraft:stick":275,"minecraft:iron_block":64,"minecraft:brewing_stand":2,"minecraft:torch":1,"minecraft:green_dye":1,"minecraft:nether_wart_block":6,"minecraft:melon_slice":3,"minecraft:yellow_shulker_box":1,"minecraft:jungle_door":5,"minecraft:fire_charge":1,"minecraft:iron_leggings":1,"minecraft:green_carpet":2,"minecraft:iron_axe":6,"minecraft:cactus":7,"minecraft:dandelion":19,"minecraft:chiseled_sandstone":4,"minecraft:redstone":393,"minecraft:oak_trapdoor":2,"minecraft:raw_copper":309,"minecraft:tuff":31,"minecraft:raw_iron":1,"minecraft:composter":1,"minecraft:shulker_box":8,"minecraft:filled_map":1,"minecraft:snow":6,"minecraft:diamond_chestplate":2,"minecraft:dragon_egg":2,"minecraft:iron_chestplate":1,"minecraft:mossy_stone_bricks":7,"minecraft:oak_boat":4,"minecraft:oak_sapling":1,"minecraft:golden_sword":19,"minecraft:diamond_boots":2,"minecraft:spruce_log":131,"minecraft:stone_pickaxe":4,"minecraft:dead_brain_coral_block":3,"minecraft:calcite":2},"minecraft:killed_by":{"minecraft:player":2},"minecraft:killed":{"minecraft:shulker":80,"minecraft:pufferfish":1,"minecraft:skeleton":120,"minecraft:chicken":58,"minecraft:cat":5,"minecraft:salmon":25,"minecraft:iron_golem":11,"minecraft:ender_dragon":1,"minecraft:pillager":85,"minecraft:donkey":2,"minecraft:zombie":190,"minecraft:cow":241,"minecraft:evoker":7,"minecraft:vindicator":35,"minecraft:horse":19,"minecraft:husk":18,"minecraft:rabbit":6,"minecraft:wandering_trader":4,"minecraft:ravager":4,"minecraft:enderman":1768,"minecraft:zombified_piglin":25,"minecraft:witch":12,"minecraft:spider":56,"minecraft:turtle":1,"minecraft:camel":1,"minecraft:piglin_brute":13,"minecraft:piglin":43,"minecraft:pig":58,"minecraft:zombie_villager":3,"minecraft:strider":1,"minecraft:creeper":42,"minecraft:sheep":65,"minecraft:trader_llama":9,"minecraft:ghast":1,"minecraft:vex":4,"minecraft:phantom":78,"minecraft:hoglin":15,"minecraft:villager":145},"minecraft:broken":{"minecraft:iron_boots":1,"minecraft:iron_leggings":1,"minecraft:shield":1,"minecraft:iron_pickaxe":5,"minecraft:iron_helmet":1,"minecraft:stone_pickaxe":6,"minecraft:stone_axe":1,"minecraft:stone_shovel":3,"minecraft:diamond_axe":1,"minecraft:golden_pickaxe":1},"minecraft:picked_up":{"minecraft:seagrass":2,"minecraft:iron_chestplate":1,"minecraft:flower_pot":13,"minecraft:anvil":2,"minecraft:lead":21,"minecraft:diamond_sword":7,"minecraft:enchanted_book":11,"minecraft:brewing_stand":10,"minecraft:golden_sword":19,"minecraft:amethyst_block":81,"minecraft:polished_blackstone_brick_stairs":4,"minecraft:string":414,"minecraft:pufferfish":1,"minecraft:shroomlight":25,"minecraft:beetroot":7,"minecraft:diamond_leggings":2,"minecraft:gold_nugget":224,"minecraft:cobbled_deepslate":348,"minecraft:spruce_planks":338,"minecraft:netherite_upgrade_smithing_template":5,"minecraft:enchanted_golden_apple":6,"minecraft:melon_slice":3,"minecraft:golden_helmet":3,"minecraft:spruce_pressure_plate":5,"minecraft:white_glazed_terracotta":16,"minecraft:composter":1,"minecraft:purpur_pillar":35,"minecraft:green_bed":11,"minecraft:acacia_log":16,"minecraft:sandstone_wall":36,"minecraft:lightning_rod":1,"minecraft:deepslate_tile_stairs":1,"minecraft:golden_chestplate":3,"minecraft:cauldron":2,"minecraft:iron_block":64,"minecraft:glowstone":7,"minecraft:bookshelf":16,"minecraft:end_rod":43,"minecraft:iron_bars":8,"minecraft:snowball":157,"minecraft:birch_log":17,"minecraft:magma_block":2349,"minecraft:feather":115,"minecraft:cooked_beef":93,"minecraft:water_bucket":1,"minecraft:jungle_log":372,"minecraft:brown_wool":2,"minecraft:smoker":6,"minecraft:flint":206,"minecraft:lantern":38,"minecraft:stonecutter":15,"minecraft:rabbit":5,"minecraft:diamond_helmet":2,"minecraft:glowstone_dust":4,"minecraft:moss_block":19,"minecraft:chiseled_polished_blackstone":1,"minecraft:stripped_spruce_log":5,"minecraft:loom":1,"minecraft:barrel":1,"minecraft:deepslate":149,"minecraft:lever":1,"minecraft:deepslate_gold_ore":35,"minecraft:dead_brain_coral_block":3,"minecraft:granite":7,"minecraft:spruce_button":2,"minecraft:bread":285,"minecraft:crimson_roots":7,"minecraft:diamond_pickaxe":11,"minecraft:crafting_table":28,"minecraft:bee_nest":1,"minecraft:sandstone_slab":111,"minecraft:nether_wart":4,"minecraft:golden_pickaxe":1,"minecraft:purpur_block":58,"minecraft:cornflower":1,"minecraft:elytra":5,"minecraft:white_carpet":69,"minecraft:iron_shovel":1,"minecraft:glass_pane":4,"minecraft:cracked_stone_bricks":2,"minecraft:cartography_table":2,"minecraft:deepslate_diamond_ore":13,"minecraft:beef":324,"minecraft:jungle_sapling":45,"minecraft:iron_nugget":3,"minecraft:poppy":9,"minecraft:spruce_slab":13,"minecraft:minecart":63,"minecraft:chest":29,"minecraft:piston":11,"minecraft:egg":81,"minecraft:sandstone":1189,"minecraft:stone":751,"minecraft:spruce_fence":69,"minecraft:fire_charge":1,"minecraft:jungle_fence_gate":2,"minecraft:carrot":3530,"minecraft:redstone":733,"minecraft:netherite_pickaxe":1,"minecraft:tnt":3,"minecraft:stone_shovel":7,"minecraft:diamond_chestplate":4,"minecraft:beetroot_seeds":18,"minecraft:deepslate_bricks":2,"minecraft:shears":1,"minecraft:diamond_boots":3,"minecraft:hay_block":22,"minecraft:sandstone_stairs":4,"minecraft:gold_ingot":16,"minecraft:totem_of_undying":5,"minecraft:mutton":93,"minecraft:white_wool":62,"minecraft:bone_block":91,"minecraft:rail":974,"minecraft:oxeye_daisy":2,"minecraft:lime_bed":2,"minecraft:yellow_shulker_box":2,"minecraft:clock":1,"minecraft:jungle_fence":1,"minecraft:filled_map":1,"minecraft:purpur_stairs":2,"minecraft:oak_log":16,"minecraft:jungle_button":6,"minecraft:ancient_debris":31,"minecraft:golden_boots":2,"minecraft:paper":70,"minecraft:white_banner":26,"minecraft:stone_bricks":686,"minecraft:stone_pickaxe":14,"minecraft:iron_ore":18,"minecraft:glass_bottle":13,"minecraft:iron_sword":6,"minecraft:gravel":15,"minecraft:spruce_sapling":119,"minecraft:spruce_log":1925,"minecraft:dragon_egg":2,"minecraft:firework_rocket":321,"minecraft:stone_axe":8,"minecraft:diamond_axe":2,"minecraft:deepslate_redstone_ore":63,"minecraft:painting":63,"minecraft:gray_wool":3,"minecraft:lodestone":3,"minecraft:baked_potato":1,"minecraft:melon_seeds":9,"minecraft:crimson_nylium":5,"minecraft:smooth_quartz_slab":1,"minecraft:hopper":2,"minecraft:ender_pearl":1144,"minecraft:shulker_shell":38,"minecraft:wheat":81,"minecraft:green_stained_glass_pane":65,"minecraft:potion":15,"minecraft:stone_brick_stairs":7,"minecraft:crimson_planks":1,"minecraft:raw_copper":575,"minecraft:deepslate_lapis_ore":27,"minecraft:smooth_stone_slab":22,"minecraft:iron_leggings":2,"minecraft:armor_stand":1,"minecraft:netherite_ingot":6,"minecraft:experience_bottle":1,"minecraft:sea_pickle":15,"minecraft:redstone_torch":9,"minecraft:cobblestone_slab":13,"minecraft:calcite":106,"minecraft:iron_pickaxe":6,"minecraft:deepslate_iron_ore":87,"minecraft:iron_boots":2,"minecraft:furnace":6,"minecraft:stick":359,"minecraft:jungle_door":16,"minecraft:deepslate_brick_wall":15,"minecraft:torch":170,"minecraft:spruce_stairs":32,"minecraft:porkchop":115,"minecraft:netherite_shovel":1,"minecraft:pointed_dripstone":7,"minecraft:diorite":141,"minecraft:vine":53,"minecraft:goat_horn":2,"minecraft:quartz_block":22,"minecraft:cactus":13,"minecraft:rotten_flesh":372,"minecraft:deepslate_brick_stairs":6,"minecraft:obsidian":106,"minecraft:blaze_powder":9,"minecraft:cobblestone":11563,"minecraft:enchanting_table":1,"minecraft:andesite":198,"minecraft:tuff":71,"minecraft:smooth_sandstone_stairs":234,"minecraft:lapis_lazuli":565,"minecraft:dirt":9612,"minecraft:cut_sandstone_slab":57,"minecraft:name_tag":8,"minecraft:leather_boots":1,"minecraft:glass":134,"minecraft:bone":165,"minecraft:bow":21,"minecraft:wheat_seeds":429,"minecraft:raw_gold":172,"minecraft:bell":6,"minecraft:mossy_stone_bricks":7,"minecraft:fletching_table":12,"minecraft:bamboo":315,"minecraft:powered_rail":46,"minecraft:oak_planks":16,"minecraft:stone_hoe":2,"minecraft:ghast_tear":2,"minecraft:cooked_porkchop":6,"minecraft:sand":1179,"minecraft:jungle_planks":229,"minecraft:dead_bush":2,"minecraft:grass_block":17,"minecraft:jungle_slab":6,"minecraft:chiseled_sandstone":7,"minecraft:shulker_box":7,"minecraft:spruce_fence_gate":4,"minecraft:sugar":8,"minecraft:diamond":67,"minecraft:spruce_boat":2,"minecraft:cracked_polished_blackstone_bricks":3,"minecraft:crossbow":23,"minecraft:bone_meal":73,"minecraft:golden_apple":2,"minecraft:spruce_sign":4,"minecraft:emerald":370,"minecraft:oak_sapling":3,"minecraft:netherrack":1749,"minecraft:end_stone_bricks":73,"minecraft:chicken":100,"minecraft:ladder":2,"minecraft:wooden_pickaxe":1,"minecraft:stone_brick_wall":2,"minecraft:gold_block":37,"minecraft:shield":1,"minecraft:oak_trapdoor":7,"minecraft:iron_axe":10,"minecraft:item_frame":16,"minecraft:blackstone":12,"minecraft:oak_boat":7,"minecraft:observer":19,"minecraft:light_gray_wool":3,"minecraft:lectern":438,"minecraft:blue_shulker_box":69,"minecraft:sugar_cane":234,"minecraft:spruce_trapdoor":20,"minecraft:phantom_membrane":67,"minecraft:raw_iron":171,"minecraft:end_stone":208,"minecraft:polished_blackstone_bricks":47,"minecraft:stone_button":2,"minecraft:iron_horse_armor":4,"minecraft:smooth_sandstone_slab":379,"minecraft:arrow":329,"minecraft:weeping_vines":19,"minecraft:nether_bricks":4,"minecraft:saddle":7,"minecraft:glistering_melon_slice":4,"minecraft:lime_stained_glass":99,"minecraft:golden_carrot":46,"minecraft:magenta_banner":5,"minecraft:salmon":23,"minecraft:cut_sandstone":393,"minecraft:leather":397,"minecraft:birch_planks":29,"minecraft:crimson_fungus":3,"minecraft:chainmail_chestplate":4,"minecraft:cobblestone_wall":11,"minecraft:nether_wart_block":23,"minecraft:cobbled_deepslate_stairs":40,"minecraft:gunpowder":84,"minecraft:cooked_mutton":33,"minecraft:smooth_sandstone":984,"minecraft:rabbit_hide":1,"minecraft:heart_of_the_sea":3,"minecraft:iron_ingot":254,"minecraft:acacia_sapling":3,"minecraft:soul_sand":2,"minecraft:green_dye":1,"minecraft:book":58,"minecraft:scaffolding":156,"minecraft:oak_slab":2,"minecraft:nether_quartz_ore":8,"minecraft:emerald_block":6,"minecraft:pumpkin":22,"minecraft:stone_brick_slab":19,"minecraft:quartz":695,"minecraft:dandelion":25,"minecraft:dripstone_block":6,"minecraft:green_stained_glass":33,"minecraft:white_bed":8,"minecraft:gold_ore":2,"minecraft:green_carpet":6,"minecraft:spider_eye":34,"minecraft:chainmail_leggings":1,"minecraft:iron_helmet":2,"minecraft:terracotta":183,"minecraft:coal":463}},"DataVersion":3465}