{"stats":{"minecraft:killed_by":{"minecraft:piglin_brute":2,"minecraft:drowned":1,"minecraft:player":3,"minecraft:skeleton":1},"minecraft:picked_up":{"minecraft:seagrass":4,"minecraft:iron_chestplate":4,"minecraft:anvil":1,"minecraft:smithing_table":1,"minecraft:diamond_sword":5,"minecraft:enchanted_book":4,"minecraft:brewing_stand":13,"minecraft:golden_sword":1,"minecraft:amethyst_block":81,"minecraft:string":24628,"minecraft:soul_soil":45,"minecraft:cooked_salmon":3,"minecraft:gold_nugget":88,"minecraft:cobbled_deepslate":246,"minecraft:spruce_planks":259,"minecraft:netherite_upgrade_smithing_template":3,"minecraft:hopper_minecart":3,"minecraft:enchanted_golden_apple":1,"minecraft:spruce_pressure_plate":1,"minecraft:jukebox":1,"minecraft:composter":2,"minecraft:purpur_pillar":2,"minecraft:green_bed":3,"minecraft:lightning_rod":5,"minecraft:cauldron":1,"minecraft:stone_sword":4,"minecraft:carved_pumpkin":1,"minecraft:glowstone":12,"minecraft:end_rod":1,"minecraft:netherite_chestplate":1,"minecraft:blaze_rod":17,"minecraft:iron_bars":16,"minecraft:magma_block":49,"minecraft:cooked_beef":3,"minecraft:feather":4,"minecraft:water_bucket":3,"minecraft:iron_door":9,"minecraft:jungle_log":5,"minecraft:flint":64,"minecraft:netherite_leggings":1,"minecraft:glowstone_dust":2,"minecraft:moss_block":3,"minecraft:stripped_spruce_log":1,"minecraft:dark_oak_log":8,"minecraft:snout_armor_trim_smithing_template":2,"minecraft:lever":5,"minecraft:blue_ice":8,"minecraft:granite":11,"minecraft:bread":105,"minecraft:dark_oak_fence":8,"minecraft:crimson_roots":11,"minecraft:diamond_pickaxe":8,"minecraft:spruce_leaves":1949,"minecraft:crafting_table":8,"minecraft:sandstone_slab":12,"minecraft:nether_wart":125,"minecraft:dragon_head":2,"minecraft:purpur_block":5,"minecraft:cornflower":3,"minecraft:elytra":2,"minecraft:white_carpet":11,"minecraft:cracked_stone_bricks":3,"minecraft:cartography_table":1,"minecraft:beef":233,"minecraft:jungle_sapling":1,"minecraft:iron_nugget":37,"minecraft:poppy":9,"minecraft:spruce_slab":4,"minecraft:minecart":27,"minecraft:chest":18,"minecraft:birch_sapling":3,"minecraft:piston":22,"minecraft:egg":24,"minecraft:sandstone":105,"minecraft:stone":18,"minecraft:fire_charge":2,"minecraft:carrot":1620,"minecraft:redstone":384,"minecraft:netherite_pickaxe":3,"minecraft:shears":1,"minecraft:hay_block":140,"minecraft:gold_ingot":8,"minecraft:totem_of_undying":1,"minecraft:mutton":2,"minecraft:rail":296,"minecraft:bone_block":34,"minecraft:oxeye_daisy":5,"minecraft:lime_bed":1,"minecraft:red_mushroom":1,"minecraft:filled_map":1,"minecraft:oak_log":27,"minecraft:ancient_debris":55,"minecraft:paper":7,"minecraft:white_banner":13,"minecraft:stone_bricks":24,"minecraft:apple":3,"minecraft:stone_pickaxe":2,"minecraft:iron_ore":9,"minecraft:glass_bottle":5,"minecraft:iron_sword":9,"minecraft:smooth_basalt":28,"minecraft:spyglass":1,"minecraft:gravel":84,"minecraft:spruce_sapling":7,"minecraft:spruce_log":533,"minecraft:crying_obsidian":8,"minecraft:dragon_egg":2,"minecraft:firework_rocket":32,"minecraft:diamond_shovel":2,"minecraft:diamond_axe":5,"minecraft:painting":29,"minecraft:baked_potato":5,"minecraft:melon_seeds":4,"minecraft:mangrove_propagule":2,"minecraft:hopper":27,"minecraft:ender_pearl":3853,"minecraft:shulker_shell":12,"minecraft:wheat":399,"minecraft:nether_brick_fence":7,"minecraft:ender_chest":15,"minecraft:turtle_egg":1,"minecraft:potion":1,"minecraft:nether_brick":12,"minecraft:raw_copper":36,"minecraft:sticky_piston":3,"minecraft:smooth_stone_slab":1,"minecraft:iron_leggings":6,"minecraft:experience_bottle":4,"minecraft:bucket":2,"minecraft:red_dye":1,"minecraft:cobblestone_slab":26,"minecraft:calcite":102,"minecraft:ender_eye":5,"minecraft:iron_pickaxe":3,"minecraft:iron_boots":7,"minecraft:tipped_arrow":2,"minecraft:stick":466,"minecraft:torch":35,"minecraft:spruce_stairs":1,"minecraft:porkchop":54,"minecraft:music_disc_pigstep":1,"minecraft:pointed_dripstone":1,"minecraft:diorite":70,"minecraft:vine":82,"minecraft:goat_horn":1,"minecraft:quartz_block":1,"minecraft:cactus":19,"minecraft:rotten_flesh":127,"minecraft:chorus_flower":2,"minecraft:obsidian":50,"minecraft:cobblestone":1748,"minecraft:leather_chestplate":1,"minecraft:magma_cream":1,"minecraft:andesite":45,"minecraft:golden_leggings":1,"minecraft:potato":2,"minecraft:tuff":26,"minecraft:dirt":2830,"minecraft:lapis_lazuli":315,"minecraft:cut_sandstone_slab":1,"minecraft:name_tag":4,"minecraft:glass":48,"minecraft:bone":182,"minecraft:bow":8,"minecraft:wheat_seeds":1228,"minecraft:raw_gold":34,"minecraft:bell":4,"minecraft:netherite_axe":1,"minecraft:mossy_stone_bricks":6,"minecraft:fletching_table":45,"minecraft:bamboo":1844,"minecraft:powered_rail":6,"minecraft:oak_planks":16,"minecraft:stone_hoe":1,"minecraft:ghast_tear":4,"minecraft:sand":507,"minecraft:dead_bush":6,"minecraft:grass_block":4,"minecraft:spectral_arrow":22,"minecraft:chiseled_sandstone":1,"minecraft:mossy_cobblestone":2,"minecraft:shulker_box":10,"minecraft:spruce_fence_gate":1,"minecraft:sugar":4,"minecraft:netherite_helmet":1,"minecraft:diamond":73,"minecraft:cracked_polished_blackstone_bricks":20,"minecraft:crossbow":3,"minecraft:bone_meal":70,"minecraft:golden_apple":1,"minecraft:spruce_sign":11,"minecraft:emerald":234,"minecraft:oak_sapling":2,"minecraft:chorus_fruit":29,"minecraft:netherrack":4545,"minecraft:end_stone_bricks":2,"minecraft:fishing_rod":1,"minecraft:azure_bluet":2,"minecraft:chicken":8,"minecraft:packed_ice":1,"minecraft:brown_mushroom":11,"minecraft:gold_block":16,"minecraft:shield":5,"minecraft:iron_axe":2,"minecraft:item_frame":2,"minecraft:blackstone":98,"minecraft:oak_boat":28,"minecraft:observer":6,"minecraft:lectern":700,"minecraft:sugar_cane":215,"minecraft:spruce_trapdoor":12,"minecraft:phantom_membrane":39,"minecraft:raw_iron":296,"minecraft:end_stone":450,"minecraft:copper_ingot":1,"minecraft:polished_blackstone_bricks":49,"minecraft:iron_horse_armor":2,"minecraft:smooth_sandstone_slab":6,"minecraft:weeping_vines":12,"minecraft:arrow":269,"minecraft:red_shulker_box":92,"minecraft:nether_bricks":27,"minecraft:saddle":4,"minecraft:netherite_boots":1,"minecraft:magenta_banner":6,"minecraft:crimson_stem":10,"minecraft:golden_carrot":1,"minecraft:glow_ink_sac":1,"minecraft:cut_sandstone":2,"minecraft:leather":128,"minecraft:birch_planks":14,"minecraft:ice":167,"minecraft:crimson_fungus":7,"minecraft:nether_wart_block":19,"minecraft:gunpowder":40,"minecraft:cooked_mutton":6,"minecraft:smooth_sandstone":16,"minecraft:iron_ingot":12,"minecraft:soul_sand":49,"minecraft:book":707,"minecraft:scaffolding":97,"minecraft:warped_fungus":1,"minecraft:pumpkin":8,"minecraft:chiseled_stone_bricks":2,"minecraft:stone_brick_slab":4,"minecraft:quartz":868,"minecraft:dandelion":10,"minecraft:dripstone_block":9,"minecraft:raw_iron_block":1,"minecraft:lava_bucket":1,"minecraft:amethyst_shard":20,"minecraft:white_bed":2,"minecraft:spider_eye":19,"minecraft:pumpkin_seeds":4,"minecraft:chainmail_leggings":2,"minecraft:iron_helmet":4,"minecraft:netherite_hoe":1,"minecraft:coal":765},"minecraft:custom":{"minecraft:interact_with_crafting_table":140,"minecraft:open_barrel":1,"minecraft:bell_ring":52,"minecraft:leave_game":55,"minecraft:time_since_death":88274,"minecraft:damage_blocked_by_shield":4196,"minecraft:play_time":2266705,"minecraft:deaths":8,"minecraft:jump":29073,"minecraft:enchant_item":5,"minecraft:interact_with_furnace":328,"minecraft:play_record":1,"minecraft:traded_with_villager":1801,"minecraft:sleep_in_bed":26,"minecraft:damage_dealt":105969,"minecraft:interact_with_smoker":22,"minecraft:inspect_dispenser":2,"minecraft:horse_one_cm":52338,"minecraft:interact_with_smithing_table":10,"minecraft:interact_with_anvil":54,"minecraft:inspect_hopper":40,"minecraft:damage_dealt_absorbed":34,"minecraft:sneak_time":101400,"minecraft:interact_with_blast_furnace":16,"minecraft:total_world_time":2266705,"minecraft:interact_with_stonecutter":10,"minecraft:time_since_rest":57495,"minecraft:swim_one_cm":536932,"minecraft:fly_one_cm":12179419,"minecraft:open_chest":1575,"minecraft:fall_one_cm":565575,"minecraft:animals_bred":53,"minecraft:open_shulker_box":233,"minecraft:sprint_one_cm":6156280,"minecraft:drop":1721,"minecraft:talked_to_villager":1685,"minecraft:interact_with_brewingstand":17,"minecraft:walk_on_water_one_cm":274221,"minecraft:interact_with_loom":2,"minecraft:open_enderchest":300,"minecraft:player_kills":5,"minecraft:crouch_one_cm":381047,"minecraft:mob_kills":4259,"minecraft:climb_one_cm":168840,"minecraft:walk_one_cm":6470045,"minecraft:raid_win":3,"minecraft:strider_one_cm":8458726,"minecraft:walk_under_water_one_cm":194398,"minecraft:boat_one_cm":684396,"minecraft:raid_trigger":1,"minecraft:interact_with_grindstone":4,"minecraft:damage_taken":17031,"minecraft:aviate_one_cm":19178368},"minecraft:mined":{"minecraft:dragon_wall_head":2,"minecraft:red_shulker_box":92,"minecraft:white_bed":2,"minecraft:jungle_leaves":22,"minecraft:obsidian":51,"minecraft:carved_pumpkin":1,"minecraft:granite":12,"minecraft:jungle_log":13,"minecraft:crimson_fungus":2,"minecraft:hopper":29,"minecraft:nether_wart":62,"minecraft:chiseled_stone_bricks":2,"minecraft:spawner":5,"minecraft:chorus_flower":2,"minecraft:polished_blackstone_bricks":50,"minecraft:weeping_vines_plant":6,"minecraft:tall_seagrass":25,"minecraft:magma_block":39,"minecraft:fire":21,"minecraft:sticky_piston":3,"minecraft:cobbled_deepslate":2,"minecraft:pumpkin":8,"minecraft:deepslate_lapis_ore":3,"minecraft:fletching_table":46,"minecraft:dirt_path":4,"minecraft:small_amethyst_bud":1,"minecraft:tripwire":19,"minecraft:sandstone_slab":12,"minecraft:cut_sandstone":3,"minecraft:brown_mushroom":11,"minecraft:crimson_nylium":54,"minecraft:torch":10,"minecraft:dead_bush":10,"minecraft:spruce_wall_sign":1,"minecraft:glass":27,"minecraft:sugar_cane":60,"minecraft:smooth_sandstone_slab":9,"minecraft:spruce_sign":4,"minecraft:amethyst_block":81,"minecraft:birch_sapling":1,"minecraft:wheat":383,"minecraft:jukebox":1,"minecraft:warped_fungus":2,"minecraft:grass":289,"minecraft:smooth_basalt":16,"minecraft:piston":20,"minecraft:deepslate":239,"minecraft:mossy_cobblestone":2,"minecraft:dark_oak_log":1,"minecraft:shulker_box":10,"minecraft:end_stone":443,"minecraft:nether_bricks":27,"minecraft:dark_oak_fence":9,"minecraft:crimson_roots":7,"minecraft:redstone_wire":2,"minecraft:red_mushroom":1,"minecraft:cartography_table":1,"minecraft:andesite":45,"minecraft:cobblestone_slab":19,"minecraft:vine":172,"minecraft:rail":280,"minecraft:bamboo":143,"minecraft:bone_block":33,"minecraft:ender_chest":14,"minecraft:smithing_table":1,"minecraft:soul_sand":11,"minecraft:stone_brick_slab":5,"minecraft:observer":3,"minecraft:dandelion":7,"minecraft:smooth_sandstone":20,"minecraft:lightning_rod":5,"minecraft:purpur_pillar":2,"minecraft:tall_grass":24,"minecraft:copper_ore":25,"minecraft:deepslate_gold_ore":14,"minecraft:diorite":68,"minecraft:white_carpet":11,"minecraft:spruce_log":526,"minecraft:gravel":137,"minecraft:dripstone_block":16,"minecraft:spruce_fence_gate":1,"minecraft:stone_bricks":27,"minecraft:gold_ore":6,"minecraft:fern":3,"minecraft:spruce_planks":99,"minecraft:farmland":71,"minecraft:brewing_stand":14,"minecraft:spruce_trapdoor":8,"minecraft:budding_amethyst":8,"minecraft:grass_block":4341,"minecraft:cracked_polished_blackstone_bricks":21,"minecraft:soul_soil":34,"minecraft:composter":2,"minecraft:gilded_blackstone":2,"minecraft:raw_iron_block":1,"minecraft:glowstone":4,"minecraft:iron_ore":103,"minecraft:turtle_egg":1,"minecraft:anvil":1,"minecraft:azure_bluet":1,"minecraft:pointed_dripstone":1,"minecraft:iron_bars":16,"minecraft:azalea_leaves":2,"minecraft:end_stone_bricks":7,"minecraft:green_bed":3,"minecraft:deepslate_redstone_ore":5,"minecraft:blackstone":78,"minecraft:magenta_wall_banner":6,"minecraft:calcite":107,"minecraft:poppy":7,"minecraft:chest":27,"minecraft:nether_quartz_ore":581,"minecraft:cobblestone":336,"minecraft:oak_planks":6,"minecraft:iron_door":9,"minecraft:wall_torch":11,"minecraft:cauldron":1,"minecraft:seagrass":13,"minecraft:powered_rail":4,"minecraft:nether_wart_block":23,"minecraft:blue_ice":8,"minecraft:purpur_block":5,"minecraft:smooth_stone_slab":1,"minecraft:oak_log":28,"minecraft:sand":239,"minecraft:dirt":6446,"minecraft:ancient_debris":55,"minecraft:netherrack":4748,"minecraft:oak_leaves":13,"minecraft:nether_gold_ore":11,"minecraft:diamond_ore":14,"minecraft:crying_obsidian":2,"minecraft:tuff":26,"minecraft:deepslate_diamond_ore":59,"minecraft:lever":1,"minecraft:weeping_vines":2,"minecraft:spruce_leaves":2933,"minecraft:sandstone":118,"minecraft:mangrove_propagule":1,"minecraft:crimson_stem":11,"minecraft:hay_block":140,"minecraft:carrots":427,"minecraft:chiseled_sandstone":1,"minecraft:stripped_spruce_log":1,"minecraft:gold_block":16,"minecraft:bell":4,"minecraft:nether_brick_fence":7,"minecraft:bookshelf":234,"minecraft:shroomlight":1,"minecraft:deepslate_iron_ore":49,"minecraft:packed_ice":1,"minecraft:chorus_plant":6,"minecraft:stone":6801,"minecraft:acacia_leaves":2,"minecraft:scaffolding":8,"minecraft:magenta_stained_glass":2,"minecraft:infested_stone_bricks":1,"minecraft:crafting_table":5,"minecraft:lectern":700,"minecraft:lapis_ore":10,"minecraft:lime_bed":1,"minecraft:cactus":6,"minecraft:ice":168,"minecraft:white_wall_banner":4,"minecraft:coal_ore":386,"minecraft:cracked_stone_bricks":3,"minecraft:mossy_stone_bricks":6},"minecraft:broken":{"minecraft:shears":8,"minecraft:iron_hoe":3,"minecraft:iron_pickaxe":3,"minecraft:warped_fungus_on_a_stick":1},"minecraft:used":{"minecraft:nether_brick_fence":1,"minecraft:poppy":2,"minecraft:elytra":70,"minecraft:chest":27,"minecraft:stone":12,"minecraft:soul_sand":10,"minecraft:weeping_vines":1,"minecraft:packed_ice":1,"minecraft:lava_bucket":84,"minecraft:music_disc_pigstep":1,"minecraft:birch_sapling":3,"minecraft:netherite_hoe":201,"minecraft:stone_brick_stairs":4,"minecraft:netherite_boots":2,"minecraft:bow":924,"minecraft:oak_sapling":2,"minecraft:furnace":2,"minecraft:cooked_cod":4,"minecraft:egg":21,"minecraft:potato":1,"minecraft:dragon_head":2,"minecraft:end_stone_bricks":2,"minecraft:warped_fungus_on_a_stick":13641,"minecraft:chorus_fruit":1,"minecraft:powered_rail":8,"minecraft:cactus":7,"minecraft:composter":3,"minecraft:purpur_pillar":2,"minecraft:glow_berries":5,"minecraft:sand":24,"minecraft:blast_furnace":1,"minecraft:blue_ice":6,"minecraft:netherite_helmet":1,"minecraft:lightning_rod":6,"minecraft:crying_obsidian":2,"minecraft:lectern":703,"minecraft:nether_wart_block":1,"minecraft:diamond_sword":657,"minecraft:smithing_table":3,"minecraft:dark_oak_fence":8,"minecraft:oak_boat":27,"minecraft:compass":1,"minecraft:enchanting_table":1,"minecraft:iron_bars":2,"minecraft:dead_bush":6,"minecraft:carved_pumpkin":1,"minecraft:cooked_salmon":16,"minecraft:netherrack":1476,"minecraft:torch":47,"minecraft:brewing_stand":14,"minecraft:anvil":6,"minecraft:red_shulker_box":92,"minecraft:iron_axe":59,"minecraft:iron_block":4,"minecraft:totem_of_undying":1,"minecraft:bamboo":63,"minecraft:diamond_chestplate":2,"minecraft:tripwire_hook":4,"minecraft:glowstone":21,"minecraft:goat_horn":38,"minecraft:cobbled_deepslate":69,"minecraft:observer":10,"minecraft:wheat_seeds":375,"minecraft:water_bucket":263,"minecraft:fletching_table":47,"minecraft:glow_ink_sac":1,"minecraft:spruce_fence_gate":1,"minecraft:leather_boots":1,"minecraft:polished_blackstone_bricks":1,"minecraft:rail":289,"minecraft:vine":26,"minecraft:tnt":4,"minecraft:crafting_table":7,"minecraft:white_bed":5,"minecraft:spruce_log":8,"minecraft:ender_eye":16,"minecraft:diamond_pickaxe":4929,"minecraft:cornflower":1,"minecraft:diamond_shovel":10967,"minecraft:mangrove_propagule":1,"minecraft:iron_pickaxe":837,"minecraft:spruce_pressure_plate":1,"minecraft:leather_helmet":1,"minecraft:spruce_trapdoor":30,"minecraft:spruce_sapling":2,"minecraft:cobblestone":680,"minecraft:potion":1,"minecraft:sandstone_slab":14,"minecraft:dandelion":1,"minecraft:jukebox":1,"minecraft:shield":101,"minecraft:nether_wart":42,"minecraft:bell":5,"minecraft:spruce_leaves":1689,"minecraft:carrot":775,"minecraft:obsidian":21,"minecraft:glass":154,"minecraft:lantern":2,"minecraft:iron_helmet":1,"minecraft:hopper_minecart":2,"minecraft:stone_bricks":971,"minecraft:item_frame":2,"minecraft:scaffolding":92,"minecraft:golden_boots":1,"minecraft:end_rod":1,"minecraft:oak_planks":11,"minecraft:ender_pearl":67,"minecraft:sandstone":18,"minecraft:diamond_axe":1474,"minecraft:sugar_cane":21,"minecraft:crossbow":7,"minecraft:end_stone":450,"minecraft:shears":2058,"minecraft:redstone_torch":3,"minecraft:lever":5,"minecraft:firework_rocket":456,"minecraft:dark_oak_log":1,"minecraft:bread":208,"minecraft:string":30,"minecraft:grindstone":1,"minecraft:andesite":7,"minecraft:smooth_stone_slab":1,"minecraft:bone_meal":418,"minecraft:golden_pickaxe":24,"minecraft:experience_bottle":24,"minecraft:purpur_block":5,"minecraft:flint_and_steel":5,"minecraft:redstone":18,"minecraft:spruce_planks":105,"minecraft:ender_chest":14,"minecraft:stone_hoe":1,"minecraft:dirt":1329,"minecraft:spyglass":117,"minecraft:white_carpet":329,"minecraft:hopper":42,"minecraft:diamond_helmet":1,"minecraft:shulker_box":10,"minecraft:iron_hoe":935,"minecraft:stone_brick_slab":54,"minecraft:bookshelf":12,"minecraft:smooth_sandstone":5,"minecraft:crimson_planks":22,"minecraft:golden_carrot":57,"minecraft:netherite_pickaxe":9857,"minecraft:minecart":30,"minecraft:cooked_beef":75,"minecraft:pumpkin":1,"minecraft:cooked_mutton":55,"minecraft:iron_ore":9,"minecraft:lodestone":1,"minecraft:glass_bottle":27,"minecraft:netherite_chestplate":70,"minecraft:baked_potato":6,"minecraft:cut_sandstone":33,"minecraft:spruce_sign":15,"minecraft:green_bed":3,"minecraft:cobblestone_slab":28,"minecraft:lime_bed":1,"minecraft:painting":29,"minecraft:piston":30,"minecraft:map":3,"minecraft:netherite_axe":1434,"minecraft:golden_leggings":1,"minecraft:stone_axe":13,"minecraft:magenta_banner":6,"minecraft:end_crystal":4,"minecraft:white_banner":4,"minecraft:bucket":348,"minecraft:splash_potion":3},"minecraft:dropped":{"minecraft:iron_sword":20,"minecraft:piston":4,"minecraft:porkchop":51,"minecraft:cooked_beef":1,"minecraft:glass_bottle":2,"minecraft:crafting_table":1,"minecraft:crossbow":5,"minecraft:weeping_vines":11,"minecraft:cracked_stone_bricks":3,"minecraft:saddle":3,"minecraft:cut_sandstone_slab":1,"minecraft:rail":144,"minecraft:red_mushroom":1,"minecraft:emerald":79,"minecraft:dirt":1530,"minecraft:snout_armor_trim_smithing_template":1,"minecraft:jungle_sapling":1,"minecraft:gold_nugget":51,"minecraft:bone_block":9,"minecraft:phantom_membrane":3,"minecraft:sand":457,"minecraft:iron_pickaxe":3,"minecraft:sugar":3,"minecraft:fishing_rod":2,"minecraft:bone":1376,"minecraft:compass":1,"minecraft:sugar_cane":47,"minecraft:iron_nugget":25,"minecraft:golden_chestplate":1,"minecraft:cobbled_deepslate":37,"minecraft:nether_brick":12,"minecraft:wheat":47,"minecraft:rotten_flesh":2156,"minecraft:oak_planks":7,"minecraft:nether_brick_fence":6,"minecraft:azure_bluet":3,"minecraft:eye_armor_trim_smithing_template":1,"minecraft:tipped_arrow":2,"minecraft:quartz_block":1,"minecraft:leather_leggings":2,"minecraft:spruce_slab":4,"minecraft:glass":17,"minecraft:egg":4,"minecraft:netherite_pickaxe":2,"minecraft:wheat_seeds":240,"minecraft:dripstone_block":9,"minecraft:feather":4,"minecraft:iron_helmet":1,"minecraft:cobblestone":625,"minecraft:book":62,"minecraft:granite":11,"minecraft:coal":3,"minecraft:oxeye_daisy":5,"minecraft:golden_carrot":6,"minecraft:diamond_helmet":1,"minecraft:potion":1,"minecraft:smooth_sandstone_slab":6,"minecraft:red_dye":1,"minecraft:chainmail_leggings":2,"minecraft:string":4722,"minecraft:smooth_sandstone":11,"minecraft:spruce_sapling":5,"minecraft:stone_brick_slab":1,"minecraft:soul_soil":45,"minecraft:netherite_hoe":1,"minecraft:netherite_ingot":6,"minecraft:stone_sword":4,"minecraft:experience_bottle":4,"minecraft:chicken":8,"minecraft:white_carpet":2,"minecraft:iron_boots":8,"minecraft:name_tag":1,"minecraft:nether_bricks":27,"minecraft:shears":1,"minecraft:pumpkin_seeds":4,"minecraft:diamond_sword":4,"minecraft:cobblestone_slab":11,"minecraft:stone":6,"minecraft:diamond_pickaxe":6,"minecraft:spruce_planks":43,"minecraft:stone_bricks":8,"minecraft:spider_eye":15,"minecraft:sandstone":28,"minecraft:bow":40,"minecraft:magma_block":36,"minecraft:spruce_sign":4,"minecraft:soul_sand":39,"minecraft:birch_planks":14,"minecraft:diamond_axe":2,"minecraft:ender_pearl":11432,"minecraft:netherite_upgrade_smithing_template":5,"minecraft:leather":14,"minecraft:jungle_planks":1,"minecraft:flint":61,"minecraft:spruce_leaves":3,"minecraft:cracked_polished_blackstone_bricks":20,"minecraft:cornflower":2,"minecraft:mutton":2,"minecraft:crimson_roots":11,"minecraft:cut_sandstone":1,"minecraft:polished_blackstone_bricks":48,"minecraft:gold_ingot":32,"minecraft:gravel":94,"minecraft:crimson_fungus":7,"minecraft:blackstone":53,"minecraft:diamond_shovel":2,"minecraft:carrot":87,"minecraft:poppy":1,"minecraft:leather_chestplate":3,"minecraft:gunpowder":7,"minecraft:melon_seeds":4,"minecraft:glowstone":8,"minecraft:arrow":925,"minecraft:powered_rail":14,"minecraft:scaffolding":208,"minecraft:quartz":560,"minecraft:netherrack":2965,"minecraft:stone_hoe":1,"minecraft:bread":10,"minecraft:stripped_spruce_log":1,"minecraft:oak_slab":2,"minecraft:vine":23,"minecraft:minecart":2,"minecraft:mangrove_propagule":1,"minecraft:spectral_arrow":15,"minecraft:amethyst_block":81,"minecraft:hopper_minecart":3,"minecraft:copper_ingot":1,"minecraft:spruce_stairs":1,"minecraft:grass_block":1,"minecraft:stick":24,"minecraft:diorite":70,"minecraft:torch":8,"minecraft:nether_wart_block":18,"minecraft:iron_door":9,"minecraft:fire_charge":2,"minecraft:iron_leggings":4,"minecraft:iron_axe":1,"minecraft:bucket":1,"minecraft:chiseled_sandstone":1,"minecraft:dandelion":8,"minecraft:smooth_basalt":28,"minecraft:nether_wart":10,"minecraft:iron_hoe":2,"minecraft:shulker_box":1,"minecraft:filled_map":3,"minecraft:shield":2,"minecraft:dragon_egg":2,"minecraft:iron_chestplate":1,"minecraft:andesite":24,"minecraft:mossy_stone_bricks":6,"minecraft:oak_boat":3,"minecraft:golden_sword":1,"minecraft:spruce_log":114,"minecraft:stone_pickaxe":2,"minecraft:calcite":102},"minecraft:crafted":{"minecraft:ender_chest":1,"minecraft:smooth_stone":3,"minecraft:cut_sandstone":32,"minecraft:blaze_powder":14,"minecraft:lever":3,"minecraft:bookshelf":14,"minecraft:cooked_mutton":7,"minecraft:shulker_box":6,"minecraft:iron_bars":16,"minecraft:glass":524,"minecraft:diamond_helmet":2,"minecraft:diamond_leggings":1,"minecraft:glass_bottle":24,"minecraft:emerald":1671,"minecraft:diamond_axe":3,"minecraft:raw_gold_block":10,"minecraft:smithing_table":2,"minecraft:copper_ingot":8,"minecraft:fletching_table":2,"minecraft:hay_block":32,"minecraft:stone_brick_stairs":4,"minecraft:lectern":2,"minecraft:iron_pickaxe":3,"minecraft:iron_block":39,"minecraft:gold_ingot":215,"minecraft:netherite_ingot":14,"minecraft:composter":2,"minecraft:packed_ice":24,"minecraft:golden_carrot":41,"minecraft:jukebox":1,"minecraft:spyglass":1,"minecraft:experience_bottle":24,"minecraft:bone_meal":423,"minecraft:white_carpet":192,"minecraft:rib_armor_trim_smithing_template":2,"minecraft:lantern":2,"minecraft:spruce_slab":12,"minecraft:red_shulker_box":5,"minecraft:ender_pearl":7,"minecraft:diamond_boots":1,"minecraft:redstone_block":54,"minecraft:wheat":828,"minecraft:crossbow":2,"minecraft:enchanting_table":1,"minecraft:sandstone_slab":6,"minecraft:glowstone":8,"minecraft:enchanted_book":40,"minecraft:golden_apple":1,"minecraft:warped_fungus_on_a_stick":1,"minecraft:fermented_spider_eye":1,"minecraft:iron_leggings":2,"minecraft:white_bed":4,"minecraft:oak_planks":108,"minecraft:lightning_rod":2,"minecraft:stone":1086,"minecraft:hopper":14,"minecraft:bow":53,"minecraft:iron_boots":6,"minecraft:chest":26,"minecraft:netherite_upgrade_smithing_template":12,"minecraft:rail":16,"minecraft:stone_hoe":1,"minecraft:ender_eye":16,"minecraft:golden_boots":1,"minecraft:raw_iron_block":27,"minecraft:oak_slab":12,"minecraft:arrow":464,"minecraft:crafting_table":5,"minecraft:spruce_planks":1356,"minecraft:baked_potato":6,"minecraft:iron_helmet":2,"minecraft:hopper_minecart":2,"minecraft:brewing_stand":1,"minecraft:tnt":4,"minecraft:spruce_trapdoor":20,"minecraft:iron_chestplate":2,"minecraft:book":21,"minecraft:paper":282,"minecraft:diamond_pickaxe":3,"minecraft:emerald_block":1,"minecraft:shield":5,"minecraft:stick":2262,"minecraft:iron_ingot":429,"minecraft:redstone_torch":8,"minecraft:shears":12,"minecraft:redstone":38,"minecraft:raw_iron":9,"minecraft:fishing_rod":1,"minecraft:tripwire_hook":4,"minecraft:furnace":3,"minecraft:blast_furnace":1,"minecraft:piston":15,"minecraft:flint_and_steel":1,"minecraft:scaffolding":420,"minecraft:netherite_chestplate":1,"minecraft:blue_ice":2,"minecraft:iron_axe":1,"minecraft:iron_hoe":6,"minecraft:netherite_scrap":56,"minecraft:observer":5,"minecraft:minecart":8,"minecraft:cooked_beef":52,"minecraft:sugar":1,"minecraft:red_dye":6,"minecraft:crimson_planks":40,"minecraft:spruce_sign":9,"minecraft:powered_rail":54,"minecraft:iron_sword":10,"minecraft:bell":1,"minecraft:mangrove_planks":40,"minecraft:bucket":2,"minecraft:bread":182,"minecraft:air":0,"minecraft:oak_boat":3,"minecraft:white_wool":268,"minecraft:gold_nugget":468,"minecraft:raw_gold":9,"minecraft:anvil":5,"minecraft:end_crystal":4,"minecraft:lapis_lazuli":12,"minecraft:lapis_block":38,"minecraft:diamond_chestplate":2,"minecraft:firework_rocket":1068},"minecraft:killed":{"minecraft:cave_spider":4,"minecraft:shulker":22,"minecraft:skeleton":52,"minecraft:chicken":4,"minecraft:cat":1,"minecraft:magma_cube":3,"minecraft:iron_golem":1,"minecraft:ender_dragon":1,"minecraft:pillager":38,"minecraft:zombie":52,"minecraft:glow_squid":1,"minecraft:cow":131,"minecraft:vindicator":10,"minecraft:horse":1,"minecraft:husk":21,"minecraft:frog":1,"minecraft:ravager":5,"minecraft:enderman":3584,"minecraft:zombified_piglin":2,"minecraft:witch":10,"minecraft:spider":26,"minecraft:silverfish":2,"minecraft:turtle":1,"minecraft:piglin_brute":6,"minecraft:wolf":1,"minecraft:piglin":37,"minecraft:pig":1,"minecraft:strider":1,"minecraft:creeper":22,"minecraft:sheep":1,"minecraft:ghast":11,"minecraft:blaze":40,"minecraft:phantom":67,"minecraft:drowned":16,"minecraft:hoglin":27,"minecraft:wither_skeleton":34,"minecraft:villager":3}},"DataVersion":3465}